    1           2           3           4           5           6           7           8           9           10          11          12          13          14          15          16          17          18          19          20          21          22          23          24          25          26          27          28          29          30          31          32          33          34          35          36          37          38          39          40          41          42          43          44          45          46          47          48          49          50          51          52          53          54          55          56          57          58          59          60          61          62          63          64          65          66          67          68          69          70          71          72          73          74          75          76          77          78          79          80          81          82          83          84          85            
  0 0.316535592 0.337945014 0.360823601 0.383125186 0.405580610 0.426035076 0.443995148 0.456683338 0.465392381 0.474106550 0.482377112 0.490451634 0.498430282 0.505248129 0.513120472 0.520198345 0.527458847 0.534731567 0.542292595 0.549167573 0.555689991 0.562500119 0.569171071 0.576002657 0.583657265 0.590538859 0.597666502 0.603924334 0.610756278 0.617945135 0.624761879 0.631774247 0.638117909 0.644708335 0.651355743 0.658111870 0.664749444 0.670621514 0.676310003 0.682229757 0.687436104 0.693576276 0.698842049 0.703735292 0.708331347 0.713405728 0.717364430 0.721917212 0.726069689 0.732224703 0.740853667 0.747901142 0.755507469 0.762443185 0.770224452 0.777899086 0.785867274 0.793889701 0.802016556 0.810178697 0.817939043 0.826131046 0.834814072 0.843231082 0.851893842 0.860189676 0.869061470 0.877725959 0.886075795 0.895123780 0.903700709 0.912820578 0.921229899 0.930164218 0.938483715 0.947003603 0.954928041 0.963021755 0.970926881 0.972182333 0.969520092 0.997142375 0.999083638 0.996129036 1.019954443   
  1 0.305396914 0.326085448 0.348194897 0.369750738 0.391458273 0.411237359 0.428611040 0.440888047 0.449314892 0.457747191 0.465751767 0.473567516 0.481291145 0.487894416 0.495516360 0.502371430 0.509403408 0.516447663 0.523770869 0.530431867 0.536752820 0.543352127 0.549817502 0.556438565 0.563855231 0.570525646 0.577434480 0.583503425 0.590127707 0.597097397 0.603708267 0.610508800 0.616663933 0.623058200 0.629508317 0.636064231 0.642506361 0.648209453 0.653735876 0.659486651 0.664548755 0.670514405 0.675635636 0.680397689 0.684873283 0.689812303 0.693673611 0.698110342 0.702160954 0.708167672 0.716588914 0.723485231 0.730927110 0.737725377 0.745347440 0.752872586 0.760688245 0.768563509 0.776547432 0.784573436 0.792218745 0.800291181 0.808848798 0.817158818 0.825717747 0.833932340 0.842717469 0.851314127 0.859619021 0.868615270 0.877169847 0.886266112 0.894689441 0.903640091 0.912011504 0.920596600 0.928622723 0.936833978 0.944883406 0.946481824 0.944282830 0.971608937 0.973943591 0.971525609 0.995257616   
  2 0.294740587 0.314741373 0.336117178 0.356962025 0.377956659 0.397092462 0.413908035 0.425794005 0.433952451 0.442116767 0.449868470 0.457438290 0.464919657 0.471319199 0.478703260 0.485347003 0.492162079 0.498989463 0.506086946 0.512544990 0.518674970 0.525074363 0.531344891 0.537766278 0.544957221 0.551427484 0.558128774 0.564018786 0.570446193 0.577208161 0.583623886 0.590223670 0.596200109 0.602408528 0.608671546 0.615037739 0.621294737 0.626837790 0.632210791 0.637801588 0.642727137 0.648527443 0.653511941 0.658149898 0.662511587 0.667322576 0.671091855 0.675418735 0.679373085 0.685239553 0.693464160 0.700217545 0.707503557 0.714171648 0.721642554 0.729025424 0.736695945 0.744430780 0.752277970 0.760173559 0.767708242 0.775665283 0.784101665 0.792307854 0.800765455 0.808899879 0.817599118 0.826127589 0.834385693 0.843328238 0.851856649 0.860924840 0.869355679 0.878315210 0.886729062 0.895368576 0.903483331 0.911797762 0.919975221 0.921890855 0.920123637 0.947153568 0.949851573 0.947933018 0.971559525   
  3 0.284552097 0.303897291 0.324573785 0.344741285 0.365056992 0.383580506 0.399865448 0.411379755 0.419283211 0.427192867 0.434704453 0.442040771 0.449292183 0.455498576 0.462656975 0.469100267 0.475709707 0.482331574 0.489214927 0.495480716 0.501429856 0.507639945 0.513725877 0.519958198 0.526935160 0.533215880 0.539720476 0.545441270 0.551682293 0.558247387 0.564478397 0.570888042 0.576695502 0.582727909 0.588813961 0.595000505 0.601082146 0.606473923 0.611701846 0.617141306 0.621937871 0.627581716 0.632436931 0.636957586 0.641211748 0.645901620 0.649584115 0.653807282 0.657670677 0.663404644 0.671443343 0.678061664 0.685200214 0.691745102 0.699072659 0.706320345 0.713852644 0.721453547 0.729170144 0.736940742 0.744369030 0.752214849 0.760534108 0.768639266 0.776997983 0.785053253 0.793667614 0.802127540 0.810336947 0.819223642 0.827722132 0.836758137 0.845189929 0.854151309 0.862598479 0.871282041 0.879472733 0.887876391 0.896165967 0.898374021 0.897008121 0.923741817 0.926773667 0.925319016 0.948828220   
  4 0.274817228 0.293537885 0.313548386 0.333071083 0.352740645 0.370681942 0.386462748 0.397624254 0.405285567 0.412953526 0.420237243 0.427352130 0.434385449 0.440408945 0.447353363 0.453606904 0.460021585 0.466448724 0.473129302 0.479213148 0.484991163 0.491022110 0.496933460 0.502986908 0.509761274 0.515862644 0.522181332 0.527742088 0.533806741 0.540185750 0.546241939 0.552471817 0.558119535 0.563985586 0.569904268 0.575920939 0.581836820 0.587085605 0.592176557 0.597473025 0.602147818 0.607643723 0.612376928 0.616786897 0.620939672 0.625515163 0.629115999 0.633241236 0.637018919 0.642627835 0.650490999 0.656981945 0.663981140 0.670409501 0.677601099 0.684720457 0.692121327 0.699594557 0.707186341 0.714837253 0.722163200 0.729901850 0.738107920 0.746114850 0.754376948 0.762354076 0.770884335 0.779275358 0.787434280 0.796263337 0.804728091 0.813727856 0.822154462 0.831110835 0.839582264 0.848299861 0.856554329 0.865033567 0.873420060 0.875896394 0.874902189 0.901339591 0.904676974 0.903651655 0.927032053   
  5 0.265521854 0.283648044 0.303024739 0.321934074 0.340989292 0.358377457 0.373679727 0.384506613 0.391938269 0.399376988 0.406444758 0.413349807 0.420176536 0.426027000 0.432768822 0.438842833 0.445073217 0.451316178 0.457804888 0.463716686 0.469333082 0.475194752 0.480941087 0.486825556 0.493408322 0.499340266 0.505483091 0.510892868 0.516790986 0.522994041 0.528885245 0.534945190 0.540442050 0.546151102 0.551911652 0.557767868 0.563527226 0.568641186 0.573602915 0.578764439 0.583324432 0.588680744 0.593298852 0.597604573 0.601661861 0.606129467 0.609653413 0.613686383 0.617383361 0.622874558 0.630572021 0.636943042 0.643810630 0.650128901 0.657191753 0.664189398 0.671465337 0.678816915 0.686289549 0.693825901 0.701053441 0.708688617 0.716785312 0.724696696 0.732864559 0.740764499 0.749211431 0.757533133 0.765639842 0.774409294 0.782836854 0.791796386 0.800211728 0.809156418 0.817643642 0.826385379 0.834691823 0.843233526 0.851702094 0.854423404 0.853772342 0.879913390 0.883529007 0.882899284 0.906139970   
  6 0.256652117 0.274212927 0.292986959 0.311313331 0.329784930 0.346647948 0.361496508 0.372006267 0.379220337 0.386441886 0.393305182 0.400011599 0.406642854 0.412329763 0.418879956 0.424784273 0.430840522 0.436909437 0.443216830 0.448966205 0.454430044 0.460131913 0.465722620 0.471447557 0.477849334 0.483621359 0.489598274 0.494865656 0.500606716 0.506643653 0.512379110 0.518278778 0.523633480 0.529194355 0.534805834 0.540510714 0.546122432 0.551109314 0.555949330 0.560983717 0.565435708 0.570660353 0.575170040 0.579377711 0.583345115 0.587711215 0.591162980 0.595109105 0.598730147 0.604110599 0.611651957 0.617910147 0.624653697 0.630868077 0.637809098 0.644691348 0.651848555 0.659084439 0.666443348 0.673869967 0.681002855 0.688538373 0.696529329 0.704347789 0.712423444 0.720247030 0.728611469 0.736863494 0.744916260 0.753624380 0.762011230 0.770926654 0.779324949 0.788251638 0.796746075 0.805502594 0.813849568 0.822441101 0.830977380 0.833921075 0.833585620 0.859430194 0.863297403 0.863031030 0.886121154   
  7 0.248194307 0.265217841 0.283419251 0.301192105 0.319109708 0.335474700 0.349893421 0.360102981 0.367111057 0.374127120 0.380796999 0.387315631 0.393762052 0.399294645 0.405663729 0.411407888 0.417299777 0.423204422 0.429340631 0.434936851 0.440256953 0.445808142 0.451252133 0.456826717 0.463057727 0.468679100 0.474499553 0.479632884 0.485225856 0.491106272 0.496695071 0.502443671 0.507664502 0.513085902 0.518556952 0.524119198 0.529591799 0.534459174 0.539184749 0.544099391 0.548449934 0.553550541 0.557958424 0.562073827 0.565957010 0.570227504 0.573611557 0.577476084 0.581025839 0.586302221 0.593696773 0.599848986 0.606475651 0.612592161 0.619418085 0.626191080 0.633235574 0.640361249 0.647611678 0.654933274 0.661975145 0.669414580 0.677303314 0.685031354 0.693016827 0.700764954 0.709047556 0.717229605 0.725226820 0.733871698 0.742214501 0.751082182 0.759457767 0.768360138 0.776853859 0.785615981 0.793992400 0.802621603 0.811211646 0.814355969 0.814309418 0.839857399 0.843950510 0.844016254 0.866945386   
  8 0.240134984 0.256648362 0.274306208 0.291553885 0.308946073 0.324839205 0.338851094 0.348776817 0.355590135 0.362411886 0.368899018 0.375240296 0.381512225 0.386899322 0.393097550 0.398690730 0.404427588 0.410177410 0.416152239 0.421604186 0.426789016 0.432198316 0.437504292 0.442937315 0.449007392 0.454486936 0.460160106 0.465167463 0.470621079 0.476354122 0.481804907 0.487411261 0.492506325 0.497796476 0.503135443 0.508563519 0.513905346 0.518660426 0.523278475 0.528080702 0.532335937 0.537319958 0.541632175 0.545661151 0.549465179 0.553645968 0.556966722 0.560754657 0.564237595 0.569416344 0.576672971 0.582725763 0.589242578 0.595266879 0.601984084 0.608653665 0.615591288 0.622612178 0.629759073 0.636980236 0.643934667 0.651281357 0.659071207 0.666711211 0.674608529 0.682282031 0.690483510 0.698595107 0.706535220 0.715115130 0.723410726 0.732227027 0.740574419 0.749446571 0.757931590 0.766690552 0.775085747 0.783740699 0.792371213 0.795695186 0.795911729 0.821162939 0.825457335 0.825824857 0.848583043   
  9 0.232460856 0.248490259 0.265632510 0.282382369 0.299276769 0.314723253 0.328350544 0.338008106 0.344637454 0.351275742 0.357590437 0.363764316 0.369871736 0.375121832 0.381158948 0.386610001 0.392200947 0.397805005 0.403627872 0.408944130 0.414001793 0.419277728 0.424453914 0.429753929 0.435672551 0.441018760 0.446553469 0.451442540 0.456765264 0.462359726 0.467680871 0.473153621 0.478130549 0.483297467 0.488512397 0.493814409 0.499033332 0.503683090 0.508200288 0.512897015 0.517063081 0.521937490 0.526160061 0.530108035 0.533838093 0.537934721 0.541196406 0.544912517 0.548332930 0.553420305 0.560547471 0.566507161 0.572920740 0.578858435 0.585473061 0.592044830 0.598881125 0.605802476 0.612850726 0.619975746 0.626846015 0.634103239 0.641797483 0.649351776 0.657162845 0.664762378 0.672883451 0.680924237 0.688805640 0.697319031 0.705564201 0.714325607 0.722639620 0.731475711 0.739944577 0.748691916 0.757095456 0.765764773 0.774422765 0.777906060 0.778360844 0.803315222 0.807786882 0.808427095 0.831004560   
 10 0.225158826 0.240729496 0.257383198 0.273661584 0.290084779 0.305108905 0.318372935 0.327777535 0.334233314 0.340698540 0.346850604 0.352866858 0.358819216 0.363940567 0.369826019 0.375143409 0.380597174 0.386064202 0.391744107 0.396932930 0.401871264 0.407021999 0.412076354 0.417251498 0.423027813 0.428248912 0.433653593 0.438431859 0.443631738 0.449096143 0.454295605 0.459642977 0.464509219 0.469560534 0.474659115 0.479842961 0.484946579 0.489497691 0.493920535 0.498518378 0.502600968 0.507372797 0.511511445 0.515383661 0.519044578 0.523062468 0.526268959 0.529917955 0.533279896 0.538281858 0.545287788 0.551160455 0.557477176 0.563333571 0.569851518 0.576330960 0.583071232 0.589897990 0.596852183 0.603885293 0.610674620 0.617845535 0.625447273 0.632918000 0.640644670 0.648171008 0.656212211 0.664181828 0.672003090 0.680448234 0.688639939 0.697343171 0.705618680 0.714413106 0.722858548 0.731585979 0.739988029 0.748660624 0.757333696 0.760956764 0.761625826 0.786283195 0.790909231 0.791793942 0.814181328   
 11 0.218216002 0.233352229 0.249543399 0.265375704 0.281353354 0.295978457 0.308899850 0.318066001 0.324358195 0.330660343 0.336659342 0.342527241 0.348333776 0.353334188 0.359077066 0.364268988 0.369593889 0.374932230 0.380477935 0.385547251 0.390373737 0.395407140 0.400347352 0.405405432 0.411048234 0.416152060 0.421434879 0.426109403 0.431194246 0.436536729 0.441622227 0.446852118 0.451614797 0.456557930 0.461547554 0.466620654 0.471616358 0.476075232 0.480409920 0.484915316 0.488920003 0.493595690 0.497655928 0.501457512 0.505053878 0.508998215 0.512153387 0.515739739 0.519047141 0.523969352 0.530861974 0.536653399 0.542879403 0.548659444 0.555086434 0.561478734 0.568128109 0.574864984 0.581729591 0.588674784 0.595386207 0.602473855 0.609986067 0.617375314 0.625019252 0.632473171 0.640435100 0.648333192 0.656092763 0.664468229 0.672603488 0.681245327 0.689477384 0.698224723 0.706639767 0.715339422 0.723730445 0.732395709 0.741071761 0.744815826 0.745676160 0.770036280 0.774794400 0.775896668 0.798084855   
 12 0.211619705 0.226344898 0.242098555 0.257509261 0.273065954 0.287314534 0.299913049 0.308854759 0.314992964 0.321141690 0.326996744 0.332725167 0.338394731 0.343281746 0.348890752 0.353965044 0.359169126 0.364386857 0.369806707 0.374764115 0.379485995 0.384409487 0.389242947 0.394191504 0.399709165 0.404703289 0.409872055 0.414449722 0.419426948 0.424655318 0.429634303 0.434754252 0.439420193 0.444262207 0.449150026 0.454119563 0.459014356 0.463387161 0.467639595 0.472058654 0.475990772 0.480576605 0.484563768 0.488299519 0.491835862 0.495711476 0.498819083 0.502346992 0.505603671 0.510451615 0.517238379 0.522954106 0.529095232 0.534803927 0.541145325 0.547455311 0.554018795 0.560670376 0.567449629 0.574310720 0.580947161 0.587954462 0.595380008 0.602689743 0.610252619 0.617634654 0.625517905 0.633344114 0.641040683 0.649344862 0.657420993 0.665998161 0.674182117 0.682877302 0.691255033 0.699919283 0.708289921 0.716937721 0.725605249 0.729452074 0.730481565 0.754544258 0.759413123 0.760706902 0.782687187   
 13 0.205357447 0.219694123 0.235034347 0.250046909 0.265206337 0.279099971 0.291394591 0.300125301 0.306118757 0.312123239 0.317843169 0.323440701 0.328981727 0.333762616 0.339246064 0.344210237 0.349301189 0.354406029 0.359708041 0.364560813 0.369185030 0.374005854 0.378739595 0.383585840 0.388986409 0.393878102 0.398940295 0.403427601 0.408304363 0.413426191 0.418305695 0.423323035 0.427898735 0.432646424 0.437439203 0.442312062 0.447112709 0.451405376 0.455581218 0.459919780 0.463784426 0.468286484 0.472205609 0.475880146 0.479360759 0.483172446 0.486235887 0.489709526 0.492919028 0.497697949 0.504386067 0.510031402 0.516093314 0.521735132 0.527996182 0.534228742 0.540710866 0.547281563 0.553979456 0.560760081 0.567324400 0.574254036 0.581595659 0.588827848 0.596311271 0.603622079 0.611427128 0.619181097 0.626813233 0.635044634 0.643058836 0.651568472 0.659699738 0.668337584 0.676671684 0.685293257 0.693634629 0.702255130 0.710902989 0.714835227 0.716012359 0.739777565 0.744736731 0.746196866 0.767960906   
 14 0.199416921 0.213386714 0.228336632 0.242973641 0.257758528 0.271317989 0.283326924 0.291859478 0.297717065 0.303586185 0.309179336 0.314654171 0.320074767 0.324756473 0.330122381 0.334983617 0.339968860 0.344968230 0.350160062 0.354915172 0.359448284 0.364173383 0.368814141 0.373564959 0.378856212 0.383652389 0.388615131 0.393018395 0.397801548 0.402823925 0.407610774 0.412532419 0.417024195 0.421683997 0.426388264 0.431171149 0.435884088 0.440102220 0.444206834 0.448470592 0.452272594 0.456696659 0.460552573 0.464170307 0.467599303 0.471351594 0.474374294 0.477797419 0.480963260 0.485678136 0.492274463 0.497854471 0.503842473 0.509421885 0.515607536 0.521767139 0.528172493 0.534666359 0.541286826 0.547990501 0.554485381 0.561339974 0.568600237 0.575756669 0.583162069 0.590402246 0.598129630 0.605811000 0.613377333 0.621534586 0.629484296 0.637923419 0.645997643 0.654573500 0.662857652 0.671429396 0.679733098 0.688316822 0.696934342 0.700935245 0.702239573 0.725706995 0.730736732 0.732339263 0.753878951   
 15 0.193786055 0.207409725 0.221991554 0.236274660 0.250706822 0.263951957 0.275692672 0.284039438 0.289769590 0.295511812 0.300986260 0.306346297 0.311654210 0.316243351 0.321499407 0.326264560 0.331151187 0.336052060 0.341141135 0.345805228 0.350253552 0.354889512 0.359443754 0.364105791 0.369295090 0.374002337 0.378872573 0.383197755 0.387893826 0.392823637 0.397524297 0.402356923 0.406770706 0.411348939 0.415970862 0.420670003 0.425301403 0.429450423 0.433489054 0.437683374 0.441427380 0.445778936 0.449576318 0.453141510 0.456522733 0.460219920 0.463205010 0.466581434 0.469706893 0.474362463 0.480873615 0.486393064 0.492312312 0.497833520 0.503948450 0.510039389 0.516372204 0.522793293 0.529339969 0.535970151 0.542397976 0.549180031 0.556361437 0.563443899 0.570772707 0.577942789 0.585592926 0.593201399 0.600700676 0.608782351 0.616665006 0.625030935 0.633043826 0.641553044 0.649781227 0.658296466 0.666554272 0.675092220 0.683669150 0.687722683 0.689134479 0.712304056 0.717385352 0.719107330 0.740414798   
 16 0.188452959 0.201750383 0.215985447 0.229935378 0.244035780 0.256985575 0.268474787 0.276647568 0.282258362 0.287881851 0.293245286 0.298498005 0.303700715 0.308203608 0.313357115 0.318032831 0.322827518 0.327636719 0.332629949 0.337209493 0.341579080 0.346132189 0.350606084 0.355185568 0.360280007 0.364904702 0.369688928 0.373941779 0.378556967 0.383400828 0.388021469 0.392771423 0.397112995 0.401615471 0.406161100 0.410782516 0.415338248 0.419423312 0.423400879 0.427530855 0.431221336 0.435505629 0.439248890 0.442765564 0.446102738 0.449748933 0.452699482 0.456032723 0.459120929 0.463721752 0.470153928 0.475617468 0.481472731 0.486939758 0.492988497 0.499014914 0.505279243 0.511631191 0.518107712 0.524667382 0.531030774 0.537742674 0.544847548 0.551857591 0.559111238 0.566211641 0.573784947 0.581320107 0.588751197 0.596756041 0.604569256 0.612859190 0.620806873 0.629244924 0.637411475 0.645863593 0.654067636 0.662551165 0.671077728 0.675168395 0.676669002 0.699540377 0.704655230 0.706474364 0.727542281   
 17 0.183405906 0.196396187 0.210304841 0.223941520 0.237730116 0.250402868 0.261656523 0.269666582 0.275165826 0.280678272 0.285938084 0.291090667 0.296195209 0.300617933 0.305675894 0.310268402 0.314977616 0.319701582 0.324605763 0.329106748 0.333403379 0.337879628 0.342279047 0.346782058 0.351788372 0.356336504 0.361040980 0.365226954 0.369767249 0.374531388 0.379077941 0.383751273 0.388026029 0.392458409 0.396933407 0.401482880 0.405968547 0.409994543 0.413915753 0.417986333 0.421627432 0.425849527 0.429542840 0.433014840 0.436311483 0.439910591 0.442829520 0.446123004 0.449176848 0.453727245 0.460086405 0.465498388 0.471294314 0.476710886 0.482697666 0.488663465 0.494863153 0.501149714 0.507559299 0.514051616 0.520352721 0.526996732 0.534027278 0.540966570 0.548146248 0.555177569 0.562674403 0.570135951 0.577497542 0.585424304 0.593165636 0.601377070 0.609255612 0.617618382 0.625717640 0.634100676 0.642243385 0.650664091 0.659130812 0.663244069 0.664815307 0.687388361 0.692519426 0.694414675 0.715235829   
 18 0.178633422 0.191334799 0.204936579 0.218279004 0.231774956 0.244188026 0.255221397 0.263079524 0.268474579 0.273883432 0.279046565 0.284105867 0.289119065 0.293467343 0.298436403 0.302951723 0.307581604 0.312226474 0.317047954 0.321476221 0.325705349 0.330110461 0.334441036 0.338873237 0.343797833 0.348275214 0.352905869 0.357030153 0.361501187 0.366191566 0.370669663 0.375272214 0.379485339 0.383853018 0.388262689 0.392745703 0.397166669 0.401138216 0.405007631 0.409023374 0.412619174 0.416783839 0.420431197 0.423862189 0.427121669 0.430677444 0.433567464 0.436824352 0.439846694 0.444350719 0.450642586 0.456007004 0.461748034 0.467117786 0.473046690 0.478955507 0.485094219 0.491318762 0.497664630 0.504092276 0.510333419 0.516911626 0.523869991 0.530739963 0.537846863 0.544809461 0.552230299 0.559617817 0.566908777 0.574756205 0.582423627 0.590553999 0.598359704 0.606643081 0.614669919 0.622977734 0.631052017 0.639401972 0.647799909 0.651921570 0.653546274 0.675820827 0.680951476 0.682902575 0.703470230   
 19 0.174124211 0.186554134 0.199867666 0.212933958 0.226155564 0.238325596 0.249153212 0.256869644 0.262167573 0.267479867 0.272553027 0.277525604 0.282453865 0.286733210 0.291619718 0.296063542 0.300619900 0.305191517 0.309936404 0.314297438 0.318464309 0.322803736 0.327070743 0.331437647 0.336286634 0.340698689 0.345261186 0.349328697 0.353735924 0.358358175 0.362773180 0.367310375 0.371466786 0.375774831 0.380124480 0.384546161 0.388907492 0.392829061 0.396650851 0.400616229 0.404170573 0.408282280 0.411887497 0.415280879 0.418506384 0.422022402 0.424886078 0.428109407 0.431102961 0.435564518 0.441794336 0.447115183 0.452805400 0.458131701 0.464006513 0.469861954 0.475943148 0.482108861 0.488394022 0.494759828 0.500942886 0.507457316 0.514345527 0.521147490 0.528182864 0.535077155 0.542422235 0.549735487 0.556954741 0.564721644 0.572312832 0.580359995 0.588089287 0.596289337 0.604238689 0.612465739 0.620464683 0.628736317 0.637056947 0.641173601 0.642835259 0.664811134 0.669925570 0.671913266 0.692220747   
 20 0.169867158 0.182042256 0.195085391 0.207892910 0.220857531 0.232800364 0.243436113 0.251020640 0.256228119 0.261450559 0.266440123 0.271332085 0.276181579 0.280397177 0.285207212 0.289584905 0.294073343 0.298577249 0.303251266 0.307550341 0.311659873 0.315938771 0.320147276 0.324454039 0.329233229 0.333585173 0.338084877 0.342100322 0.346448809 0.351008356 0.355365247 0.359842360 0.363946766 0.368200034 0.372494400 0.376859725 0.381166279 0.385042101 0.388820320 0.392739475 0.396255910 0.400318980 0.403885663 0.407244742 0.410439312 0.413918823 0.416758686 0.419951290 0.422918588 0.427341282 0.433514208 0.438795090 0.444438457 0.449724495 0.455548853 0.461354196 0.467381150 0.473491043 0.479718357 0.486024827 0.492151827 0.498604417 0.505424321 0.512159646 0.519124508 0.525950789 0.533220470 0.540459037 0.547605574 0.555290878 0.562803805 0.570765316 0.578414857 0.586527944 0.594395041 0.602535844 0.610452950 0.618639052 0.626874089 0.630972922 0.632655978 0.654332995 0.659416199 0.661421955 0.681463242   
 21 0.165851340 0.177787527 0.190577194 0.203142419 0.215866715 0.227597371 0.238054425 0.245516285 0.250639766 0.255778670 0.260690719 0.265508026 0.270284444 0.274441302 0.279180557 0.283497274 0.287923038 0.292364508 0.296973139 0.301215172 0.305272073 0.309495389 0.313650131 0.317901641 0.322616547 0.326913297 0.331355304 0.335323036 0.339617670 0.344119608 0.348423302 0.352845222 0.356901973 0.361105114 0.365348846 0.369662464 0.373918802 0.377752811 0.381491244 0.385368198 0.388850123 0.392868668 0.396400183 0.399728030 0.402894527 0.406340748 0.409159034 0.412323684 0.415267110 0.419654459 0.425775170 0.431019604 0.436619699 0.441868544 0.447645873 0.453404158 0.459380001 0.465436995 0.471609056 0.477858633 0.483931363 0.490323871 0.497077286 0.503747165 0.510642409 0.517401099 0.524595678 0.531759322 0.538832068 0.546434581 0.553867340 0.561741173 0.569307745 0.577330291 0.585110545 0.593159974 0.600989044 0.609082639 0.617224395 0.621293187 0.622982681 0.644360721 0.649398208 0.651404619 0.671173692   
 22 0.162066102 0.173778459 0.186330810 0.198669448 0.211169198 0.222702011 0.232992828 0.240340889 0.245386332 0.250447839 0.255288005 0.260036230 0.264745206 0.268847913 0.273521841 0.277782440 0.282150447 0.286534488 0.291082978 0.295272648 0.299281299 0.303453624 0.307559192 0.311760068 0.316415906 0.320662111 0.325051218 0.328975528 0.333220869 0.337669969 0.341924995 0.346296370 0.350309700 0.354467005 0.358664453 0.362930804 0.367141187 0.370937169 0.374639422 0.378477931 0.381928533 0.385906428 0.389405966 0.392705560 0.395846575 0.399262488 0.402061373 0.405200630 0.408122391 0.412477583 0.418550640 0.423761845 0.429322243 0.434536606 0.440270156 0.445984364 0.451911896 0.457918704 0.464038044 0.470232964 0.476253152 0.482587278 0.489275843 0.495881438 0.502708077 0.509399474 0.516519070 0.523607492 0.530605435 0.538124204 0.545475006 0.553259015 0.560739517 0.568668306 0.576357245 0.584310412 0.592045546 0.600040197 0.608081162 0.612108469 0.613790214 0.634869039 0.639847219 0.641837656 0.661328912   
 23 0.158500910 0.170003816 0.182334185 0.194461122 0.206751302 0.218099862 0.228236303 0.235478863 0.240452021 0.245441824 0.250215590 0.254900008 0.259546667 0.263599694 0.268213391 0.272422463 0.276737452 0.281068742 0.285561949 0.289703697 0.293668360 0.297794074 0.301854700 0.306009322 0.310611010 0.314811021 0.319151819 0.323036581 0.327236950 0.331637800 0.335848391 0.340173692 0.344147533 0.348263085 0.352418363 0.356641650 0.360810190 0.364571571 0.368241102 0.372044653 0.375467002 0.379407793 0.382878423 0.386152446 0.389270544 0.392658919 0.395440489 0.398556679 0.401458949 0.405785114 0.411814690 0.416995704 0.422519565 0.427702159 0.433394909 0.439067721 0.444949746 0.450908870 0.456977874 0.463120282 0.469089448 0.475366771 0.481992036 0.488534391 0.495293319 0.501917660 0.508962631 0.515975416 0.522897661 0.530331671 0.537598610 0.545290887 0.552682519 0.560514212 0.568107903 0.575960159 0.583595634 0.591485202 0.599418402 0.603393137 0.605053663 0.625833154 0.630739212 0.632697880 0.651905954   
 24 0.155145466 0.166452527 0.178575471 0.190504879 0.202599689 0.213776857 0.223770112 0.230915040 0.235821337 0.240744829 0.245457307 0.250082850 0.254672170 0.258679628 0.263237983 0.267399818 0.271666259 0.275949240 0.280391753 0.284489751 0.288414329 0.292497516 0.296517253 0.300629765 0.305181921 0.309339881 0.313636631 0.317485541 0.321645021 0.326001942 0.330172151 0.334455460 0.338393539 0.342471182 0.346588165 0.350772262 0.354902744 0.358632952 0.362272888 0.366044790 0.369441688 0.373348862 0.376793385 0.380044401 0.383141905 0.386505485 0.389271557 0.392367035 0.395251691 0.399551600 0.405541688 0.410695374 0.416185766 0.421338975 0.426993728 0.432627767 0.438466847 0.444380611 0.450401425 0.456493258 0.462412983 0.468634903 0.475198358 0.481678545 0.488370508 0.494928032 0.501898527 0.508835375 0.515681028 0.523029327 0.530210793 0.537809551 0.545109391 0.552841067 0.560335517 0.568082511 0.575613081 0.583391547 0.591210425 0.595122278 0.596748829 0.617228985 0.622050464 0.623962462 0.642882407   
 25 0.151989654 0.163113803 0.175043106 0.186788335 0.198701203 0.209719121 0.219579786 0.226634488 0.231479019 0.236341313 0.240997285 0.245568722 0.250105292 0.254071146 0.258578658 0.262697309 0.266919345 0.271158189 0.275554389 0.279612571 0.283500731 0.287545294 0.291527897 0.295602113 0.300109118 0.304228902 0.308485627 0.312302202 0.316424578 0.320741564 0.324875206 0.329120427 0.333026201 0.337069571 0.341151863 0.345300466 0.349396527 0.353098661 0.356711954 0.360455304 0.363829464 0.367706120 0.371127188 0.374357641 0.377436757 0.380777925 0.383530349 0.386607140 0.389476031 0.393752426 0.399706692 0.404835612 0.410295397 0.415421516 0.421040893 0.426638544 0.432436973 0.438307613 0.444282323 0.450325459 0.456197023 0.462364972 0.468867958 0.475286782 0.481912553 0.488403499 0.495299697 0.502160370 0.508928537 0.516190231 0.523284614 0.530787945 0.537993610 0.545622289 0.553013861 0.560651422 0.568072081 0.575733960 0.583432198 0.587271273 0.588851929 0.609032571 0.613758028 0.615609288 0.634236217   
 26 0.149023592 0.159976989 0.171725661 0.183299363 0.195042968 0.205913067 0.215651095 0.222622603 0.227410138 0.232216030 0.236820057 0.241341770 0.245829970 0.249757811 0.254218787 0.258298099 0.262479633 0.266678244 0.271032214 0.275054216 0.278909415 0.282918990 0.286867976 0.290907562 0.295373440 0.299458742 0.303679168 0.307466686 0.311555535 0.315836340 0.319936931 0.324147761 0.328024447 0.332036912 0.336087942 0.340204448 0.344269454 0.347946346 0.351535857 0.355253547 0.358607382 0.362456590 0.365856677 0.369068742 0.372131586 0.375452638 0.378193021 0.381253123 0.384107977 0.388363272 0.394285172 0.399391741 0.404823482 0.409924656 0.415511042 0.421074510 0.426834524 0.432664126 0.438594580 0.444590688 0.450415373 0.456530601 0.462974370 0.469332755 0.475892991 0.482317537 0.489139587 0.495923787 0.502613604 0.509787798 0.516793609 0.524200022 0.531308889 0.538832009 0.546117127 0.553641379 0.560947418 0.568487525 0.576059222 0.579816282 0.581339717 0.601220608 0.605839312 0.607616544 0.625946045   
 27 0.146237507 0.157031685 0.168612048 0.180026114 0.191612393 0.202345476 0.211970195 0.218865037 0.223600119 0.228354096 0.232910424 0.237386495 0.241830394 0.245723680 0.250142127 0.254185647 0.258330345 0.262492388 0.266807914 0.270797163 0.274622709 0.278600603 0.282519281 0.286527574 0.290956229 0.295010388 0.299198061 0.302959502 0.307018161 0.311266333 0.315337181 0.319516957 0.323367625 0.327352315 0.331375241 0.335462898 0.339499950 0.343154401 0.346722662 0.350417376 0.353753269 0.357577741 0.360959083 0.364154935 0.367203325 0.370506436 0.373236299 0.376281470 0.379123896 0.383360356 0.389253020 0.394339561 0.399745643 0.404823810 0.410379499 0.415910751 0.421634346 0.427424729 0.433312774 0.439263433 0.445042461 0.451106071 0.457491815 0.463790447 0.470285803 0.476644069 0.483392149 0.490099519 0.496710330 0.503796220 0.510711968 0.518019795 0.525029659 0.532444596 0.539620042 0.547027290 0.554214299 0.561627686 0.569067359 0.572733760 0.574189305 0.593770564 0.598272085 0.599962831 0.617990792   
 28 0.143621966 0.154267743 0.165691301 0.176956952 0.188397124 0.199003294 0.208523497 0.215347797 0.220034599 0.224740878 0.229253441 0.233687803 0.238091201 0.241953120 0.246332750 0.250343770 0.254455030 0.258583963 0.262864560 0.266824275 0.270623088 0.274572492 0.278463960 0.282444119 0.286839038 0.290865183 0.295023382 0.298761576 0.302793205 0.307011992 0.311056167 0.315208077 0.319035530 0.322995365 0.326993078 0.331054956 0.335066944 0.338701367 0.342250824 0.345925093 0.349245101 0.353047460 0.356412262 0.359593719 0.362629473 0.365916550 0.368637294 0.371669233 0.374500692 0.378720433 0.384586781 0.389655292 0.395037979 0.400094867 0.405621886 0.411122888 0.416811943 0.422564864 0.428412020 0.434318691 0.440053046 0.446066141 0.452394873 0.458634526 0.465065569 0.471357703 0.478031904 0.484662145 0.491193146 0.498189956 0.505014360 0.512222111 0.519130707 0.526435137 0.533497870 0.540784717 0.547848463 0.555130661 0.562433004 0.566000640 0.567378402 0.586659789 0.591034710 0.592627227 0.610349774   
 29 0.141167596 0.151675150 0.162952796 0.174080491 0.185385078 0.195873797 0.205297604 0.212057099 0.216699585 0.221362084 0.225834593 0.230230808 0.234597221 0.238430753 0.242775053 0.246756673 0.250837654 0.254936576 0.259185612 0.263118714 0.266893595 0.270817429 0.274684459 0.278639406 0.283003956 0.287005037 0.291136771 0.294854343 0.298861742 0.303054184 0.307074547 0.311201513 0.315008342 0.318946064 0.322921336 0.326960057 0.330949694 0.334566504 0.338099331 0.341755480 0.345061541 0.348844171 0.352194339 0.355363220 0.358387917 0.361660779 0.364373714 0.367393970 0.370215714 0.374420673 0.380263448 0.385315746 0.390677035 0.395714313 0.401214540 0.406686932 0.412343144 0.418060184 0.423867941 0.429731935 0.435422629 0.441386133 0.447658867 0.453840166 0.460207343 0.466433495 0.473033816 0.479586720 0.486037165 0.492944181 0.499675930 0.506782353 0.513587654 0.520779371 0.527726531 0.534889698 0.541826367 0.548972964 0.556133211 0.559594452 0.560885072 0.579866707 0.584106028 0.585589409 0.603002846   
 30 0.138865292 0.149244145 0.160386026 0.171385586 0.182564408 0.192944512 0.202279553 0.208979547 0.213581353 0.218203723 0.222639605 0.227001011 0.231333733 0.235141590 0.239453793 0.243408859 0.247462496 0.251534343 0.255754828 0.259664059 0.263417572 0.267318517 0.271163762 0.275096178 0.279433370 0.283412099 0.287520170 0.291219503 0.295205325 0.299374253 0.303373396 0.307478130 0.311266720 0.315184802 0.319140136 0.323158294 0.327128083 0.330729336 0.334247589 0.337887704 0.341181636 0.344946742 0.348284096 0.351441979 0.354457080 0.357717425 0.360423654 0.363433659 0.366246909 0.370438814 0.376260430 0.381298214 0.386639953 0.391659021 0.397134185 0.402579516 0.408204436 0.413887024 0.419656724 0.425479233 0.431127101 0.437041879 0.443259507 0.449382991 0.455686808 0.461847007 0.468373567 0.474848837 0.481218070 0.488034576 0.494672507 0.501676261 0.508376360 0.515453339 0.522282243 0.529318750 0.536124706 0.543131769 0.550145447 0.553493202 0.554688096 0.573369920 0.577465355 0.578829467 0.595930457   
 31 0.136706159 0.146965191 0.157980770 0.168861359 0.179923564 0.190203235 0.199456573 0.206101999 0.210666493 0.215252101 0.219654545 0.223984212 0.228286266 0.232070997 0.236354053 0.240285158 0.244314149 0.248361617 0.252556384 0.256444246 0.260178745 0.264059275 0.267885149 0.271797478 0.276110142 0.280068934 0.284155935 0.287839204 0.291805953 0.295953870 0.299934238 0.304019213 0.307791770 0.311692476 0.315630168 0.319630086 0.323582262 0.327169925 0.330675453 0.334301502 0.337584943 0.341334492 0.344660640 0.347809047 0.350815862 0.354065180 0.356765807 0.359766752 0.362572610 0.366753072 0.372555733 0.377580523 0.382904321 0.387906492 0.393358082 0.398777753 0.404372782 0.410022199 0.415755033 0.421537131 0.427142978 0.433009833 0.439173073 0.445239276 0.451480091 0.457574427 0.464027256 0.470424592 0.476712018 0.483437389 0.489980370 0.496880233 0.503473461 0.510433614 0.517141819 0.524048984 0.530720949 0.537584782 0.544447660 0.547675431 0.548766494 0.567148507 0.571092308 0.572327733 0.589113235   
 32 0.134681448 0.144828945 0.155727044 0.166497141 0.177451223 0.187638059 0.196816221 0.203411594 0.207941905 0.212493852 0.216865763 0.221166521 0.225440711 0.229204595 0.233461231 0.237370819 0.241377607 0.245403156 0.249574766 0.253443569 0.257161200 0.261023551 0.264832228 0.268726736 0.273017436 0.276958585 0.281026840 0.284696072 0.288645864 0.292775184 0.296738982 0.300806403 0.304564923 0.308450371 0.312372476 0.316356301 0.320292950 0.323868781 0.327363253 0.330976993 0.334251434 0.337987244 0.341303647 0.344443858 0.347443640 0.350683302 0.353379220 0.356372267 0.359171748 0.363342136 0.369127810 0.374140918 0.379448295 0.384434670 0.389864057 0.395259321 0.400825679 0.406443059 0.412140101 0.417882770 0.423447251 0.429266840 0.435376406 0.441385746 0.447563946 0.453592420 0.459971547 0.466290712 0.472495675 0.479129314 0.485576332 0.492371202 0.498855859 0.505697548 0.512282789 0.519057989 0.525592804 0.532310009 0.539018333 0.542120039 0.543099940 0.561182201 0.564967334 0.566065431 0.582532585   
 33 0.132782653 0.142826289 0.153615087 0.164282560 0.175136358 0.185237363 0.194346309 0.200895801 0.205394790 0.209915921 0.214259967 0.218534425 0.222783253 0.226528406 0.230761126 0.234651357 0.238638178 0.242644072 0.246794850 0.250646681 0.254349381 0.258195609 0.261989087 0.265867800 0.270138860 0.274064422 0.278116047 0.281773031 0.285707921 0.289820731 0.293769896 0.297821909 0.301568151 0.305440187 0.309348643 0.313318312 0.317241251 0.320806861 0.324291795 0.327894777 0.331161529 0.334885269 0.338193268 0.341326475 0.344320267 0.347551495 0.350243509 0.353229672 0.356023610 0.360185206 0.365955681 0.370958269 0.376250416 0.381222010 0.386630446 0.392002344 0.397541106 0.403127491 0.408789724 0.414493710 0.420017421 0.425790370 0.431846887 0.437799782 0.443915606 0.449878216 0.456183642 0.462424368 0.468546361 0.475087643 0.481437773 0.488126636 0.494501203 0.501222849 0.507682979 0.514323890 0.520718813 0.527286291 0.533836484 0.536806703 0.537668526 0.555451095 0.559071004 0.560023844 0.576170087   
 34 0.131001458 0.140948296 0.151635319 0.162207395 0.172968134 0.182989731 0.192034960 0.198542356 0.203012615 0.207505554 0.211824179 0.216074631 0.220300436 0.224028766 0.228239790 0.232112631 0.236081541 0.240069792 0.244201854 0.248038590 0.251728117 0.255560040 0.259340107 0.263204902 0.267458409 0.271370202 0.275407106 0.279053479 0.282975286 0.287073493 0.291009843 0.295048237 0.298783839 0.302644163 0.306540638 0.310497820 0.314408779 0.317965537 0.321442306 0.325035989 0.328296185 0.332009286 0.335310102 0.338437319 0.341426015 0.344649911 0.347338736 0.350318938 0.353108108 0.357261926 0.363018751 0.368011802 0.373289913 0.378247559 0.383635998 0.388985515 0.394497633 0.400053889 0.405682087 0.411348194 0.416831613 0.422558397 0.428562433 0.434459120 0.440512866 0.446409583 0.452641308 0.458803326 0.464841813 0.471290261 0.477542609 0.484124511 0.490387678 0.496987730 0.503320873 0.509825349 0.516077757 0.522492647 0.528881550 0.531715155 0.532452762 0.549935877 0.553384662 0.554184854 0.570007920   
 35 0.129329726 0.139186278 0.149778441 0.160261765 0.170936063 0.180884108 0.189870581 0.196339309 0.200783208 0.205250278 0.209545657 0.213774279 0.217979133 0.221692294 0.225883693 0.229740903 0.233693704 0.237666115 0.241781399 0.245604664 0.249282569 0.253101856 0.256870091 0.260722548 0.264960468 0.268860102 0.272884041 0.276521206 0.280431479 0.284516841 0.288441926 0.292468369 0.296194732 0.300044835 0.303930819 0.307877064 0.311777532 0.315326720 0.318796456 0.322382063 0.325636774 0.329340577 0.332635164 0.335757315 0.338741779 0.341959268 0.344645500 0.347620517 0.350405514 0.354552567 0.360296994 0.365281343 0.370546341 0.375490725 0.380860150 0.386188000 0.391674310 0.397201210 0.402796000 0.408424854 0.413868397 0.419549435 0.425501436 0.431342185 0.437334001 0.443164855 0.449322820 0.455405921 0.461360395 0.467715502 0.473869234 0.480343372 0.486493826 0.492970973 0.499175400 0.505541563 0.511649132 0.517908990 0.524133682 0.526826024 0.527433872 0.544617534 0.547889769 0.548530936 0.564028800   
 36 0.127759546 0.137531742 0.148035377 0.158436000 0.169029832 0.178909659 0.187841848 0.194275022 0.198694661 0.203137979 0.207412079 0.211620733 0.215806499 0.219506025 0.223679572 0.227522731 0.231461048 0.235419214 0.239519387 0.243330687 0.246998325 0.250806421 0.254564226 0.258405834 0.262629747 0.266518742 0.270531148 0.274160385 0.278060555 0.282134533 0.286049783 0.290065676 0.293784052 0.297625244 0.301502109 0.305438757 0.309330016 0.312872678 0.316336423 0.319915056 0.323165119 0.326860756 0.330150008 0.333267897 0.336248785 0.339460671 0.342144847 0.345115304 0.347896725 0.352037728 0.357770950 0.362747252 0.367999882 0.372931600 0.378282666 0.383589566 0.389050692 0.394548804 0.400110871 0.405702949 0.411106944 0.416742593 0.422642887 0.428427935 0.434358001 0.440122873 0.446207017 0.452210933 0.458080947 0.464342266 0.470396668 0.476762265 0.482798934 0.489151925 0.495226115 0.501452208 0.507412851 0.513515294 0.519573271 0.522120357 0.522593319 0.539477706 0.542568684 0.543044746 0.558215618   
 37 0.126283184 0.135976434 0.146397263 0.156720668 0.167239472 0.177055836 0.185937777 0.192338109 0.196735367 0.201156810 0.205411389 0.209601760 0.213770077 0.217457265 0.221614569 0.225445032 0.229370266 0.233315617 0.237402126 0.241202757 0.244861335 0.248659477 0.252408087 0.256240070 0.260451466 0.264331013 0.268333256 0.271955609 0.275846928 0.279910833 0.283817410 0.287824005 0.291535467 0.295368880 0.299237758 0.303165942 0.307049096 0.310586214 0.314044863 0.317617387 0.320863605 0.324551970 0.327836692 0.330950916 0.333928823 0.337135792 0.339818299 0.342784733 0.345562965 0.349698603 0.355421513 0.360390306 0.365631193 0.370550632 0.375883937 0.381170392 0.386606932 0.392076761 0.397606492 0.403162181 0.408526868 0.414117426 0.419966310 0.425695777 0.431564182 0.437263012 0.443273276 0.449197769 0.454982966 0.461150050 0.467104495 0.473360807 0.479282677 0.485510468 0.491453052 0.497537553 0.503349483 0.509292483 0.515181363 0.517579556 0.517913163 0.534498513 0.537403941 0.537709713 0.552552104   
 38 0.124893099 0.134512290 0.144855484 0.155106559 0.165555209 0.175312355 0.184147567 0.190517485 0.194894060 0.199295267 0.203531832 0.207705393 0.211857677 0.215533659 0.219676092 0.223495051 0.227408409 0.231342152 0.235416308 0.239207372 0.242857873 0.246647149 0.250387579 0.254210979 0.258411139 0.262282312 0.266275495 0.269891858 0.273775339 0.277830303 0.281729251 0.285727620 0.289433092 0.293259680 0.297121465 0.301042199 0.304918200 0.308450520 0.311904758 0.315472007 0.318714947 0.322396904 0.325677633 0.328788757 0.331764132 0.334966719 0.337647885 0.340610743 0.343386173 0.347516865 0.353230208 0.358191818 0.363421440 0.368328899 0.373644888 0.378911257 0.384323567 0.389765501 0.395263284 0.400782883 0.406108439 0.411654055 0.417451739 0.423125714 0.428932518 0.434565216 0.440501511 0.446346402 0.452046275 0.458118796 0.463972688 0.470119119 0.475925297 0.482026964 0.487836719 0.493778288 0.499439895 0.505221725 0.510939598 0.513185620 0.513375878 0.529662490 0.532378674 0.532509565 0.547022104   
 39 0.123581983 0.133131444 0.143401623 0.153584749 0.163967535 0.173669249 0.182460830 0.188802421 0.193159729 0.197542131 0.201761991 0.205919981 0.210057467 0.213723212 0.217851952 0.221660405 0.225562930 0.229486078 0.233548939 0.237331331 0.240974620 0.244755894 0.248489022 0.252304763 0.256494731 0.260358393 0.264343441 0.267954588 0.271831095 0.275878012 0.279770166 0.283761203 0.287461400 0.291281909 0.295137435 0.299051523 0.302921176 0.306449264 0.309899718 0.313462257 0.316702425 0.320378602 0.323655874 0.326764256 0.329737425 0.332936108 0.335616112 0.338575691 0.341348559 0.345474690 0.351178974 0.356133640 0.361352265 0.366247892 0.371546894 0.376793414 0.382181764 0.387596071 0.393062115 0.398545831 0.403832316 0.409333110 0.415079743 0.420698285 0.426443487 0.432009906 0.437872142 0.443637192 0.449251503 0.455229074 0.460981846 0.467017859 0.472707629 0.478682369 0.484358281 0.490155786 0.495665640 0.501284838 0.506829977 0.508921027 0.508964658 0.524952769 0.527476370 0.527428448 0.541610181   
 40 0.122342698 0.131826296 0.142027512 0.152146533 0.162467256 0.172116756 0.180867374 0.187182412 0.191521689 0.195886493 0.200090766 0.204234257 0.208357960 0.212014228 0.216130286 0.219929025 0.223821551 0.227734938 0.231787384 0.235561877 0.239198610 0.242972627 0.246699110 0.250507891 0.254688501 0.258545399 0.262523055 0.266129583 0.269999772 0.274039418 0.277925432 0.281909823 0.285605311 0.289420396 0.293270260 0.297178358 0.301042229 0.304566592 0.308013678 0.311572015 0.314809710 0.318480641 0.321754754 0.324860722 0.327831924 0.331026971 0.333705962 0.336662531 0.339432925 0.343554705 0.349250257 0.354198068 0.359405875 0.364289731 0.369571865 0.374798656 0.380163223 0.385549992 0.390984416 0.396432400 0.401679814 0.407135844 0.412831485 0.418394566 0.424078137 0.429578155 0.435366243 0.441051215 0.446579546 0.452461928 0.458113164 0.464038312 0.469611019 0.475458086 0.480999261 0.486651748 0.492008746 0.497463971 0.502834976 0.504768848 0.504662812 0.520352781 0.522681236 0.522450984 0.536301136   
 41 0.121168308 0.130589396 0.140725225 0.150783449 0.161045372 0.170645460 0.179357320 0.185647294 0.189969555 0.194317773 0.198507339 0.202637196 0.206747949 0.210395351 0.214499503 0.218289182 0.222172379 0.226076677 0.230119422 0.233886570 0.237517253 0.241284564 0.245004937 0.248807311 0.252979249 0.256829888 0.260800719 0.264403015 0.268267423 0.272300363 0.276180774 0.280159026 0.283850253 0.287660331 0.291505039 0.295407563 0.299266130 0.302787095 0.306231081 0.309785545 0.313021034 0.316687047 0.319958270 0.323061943 0.326031297 0.329222947 0.331900895 0.334854543 0.337622613 0.341740102 0.347427100 0.352367938 0.357564956 0.362436920 0.367702186 0.372909337 0.378250092 0.383609384 0.389012218 0.394424409 0.399632722 0.405043930 0.410688609 0.416196138 0.421818018 0.427251488 0.432965249 0.438569993 0.444012105 0.449799001 0.455348343 0.461162239 0.466617256 0.472336143 0.477741897 0.483248621 0.488451809 0.493742049 0.498937756 0.500712454 0.500454426 0.515846670 0.517977655 0.517562449 0.531080425   
 42 0.120052077 0.129413545 0.139487028 0.149487317 0.159693167 0.169246137 0.177921087 0.184187189 0.188493237 0.192825660 0.197001263 0.201118156 0.205216601 0.208855584 0.212948427 0.216729522 0.220603853 0.224499553 0.228533119 0.232293338 0.235918313 0.239679307 0.243393913 0.247190252 0.251354009 0.255198807 0.259163201 0.262761563 0.266620547 0.270647138 0.274522275 0.278494775 0.282181978 0.285987377 0.289827198 0.293724477 0.297578037 0.301095784 0.304536849 0.308087617 0.311320961 0.314982325 0.318250716 0.321352214 0.324319750 0.327508032 0.330184937 0.333135664 0.335901320 0.340014488 0.345692903 0.350626588 0.355812639 0.360672534 0.365920871 0.371108174 0.376425087 0.381756783 0.387127966 0.392504305 0.397673368 0.403039664 0.408633262 0.414085180 0.419645250 0.425011963 0.430651307 0.436175585 0.441531211 0.447222412 0.452669501 0.458371848 0.463708788 0.469299078 0.474568844 0.479929179 0.484977841 0.490102321 0.495121866 0.496735901 0.496324003 0.511418819 0.513350785 0.512748361 0.525933862   
 43 0.118987471 0.128291756 0.138305441 0.148250133 0.158402190 0.167909920 0.176549360 0.182792500 0.187082961 0.191400200 0.195562363 0.199666753 0.203753352 0.207384229 0.211466193 0.215239018 0.219104841 0.222992241 0.227016956 0.230770484 0.234389976 0.238144860 0.241853923 0.245644420 0.249800324 0.253639430 0.257597685 0.261192203 0.265045971 0.269066453 0.272936493 0.276903421 0.280586749 0.284387589 0.288222671 0.292114884 0.295963556 0.299478143 0.302916348 0.306463480 0.309694648 0.313351423 0.316616982 0.319716245 0.322681844 0.325866759 0.328542471 0.331490219 0.334253341 0.338362008 0.344031662 0.348957837 0.354132712 0.358980209 0.364211351 0.369378597 0.374671459 0.379975379 0.385314733 0.390655041 0.395784616 0.401105821 0.406648248 0.412044346 0.417542458 0.422842264 0.428407013 0.433850646 0.439119577 0.444714874 0.450059444 0.455650002 0.460868597 0.466329932 0.471463323 0.476676822 0.481570452 0.486528635 0.491371393 0.492823660 0.492256463 0.507054448 0.508785963 0.507994771 0.520847738   
 44 0.117968164 0.127217263 0.137173221 0.147064209 0.157164261 0.166628197 0.175233155 0.181453958 0.185729250 0.190031722 0.194180772 0.198272988 0.202348039 0.205970928 0.210042268 0.213806957 0.217664421 0.221543685 0.225559741 0.229306683 0.232920706 0.236669570 0.240373135 0.244157881 0.248306066 0.252139568 0.256091714 0.259682417 0.263530970 0.267545432 0.271410406 0.275371790 0.279051185 0.282847494 0.286677808 0.290564954 0.294408768 0.297920138 0.301355362 0.304898798 0.308127671 0.311779767 0.315042406 0.318139255 0.321102798 0.324284166 0.326958477 0.329903066 0.332663476 0.336767316 0.342427820 0.347346067 0.352509320 0.357343972 0.362557590 0.367704421 0.372972906 0.378248781 0.383555979 0.388860017 0.393949896 0.399225742 0.404716760 0.410056859 0.415492833 0.420725554 0.426215529 0.431578368 0.436760366 0.442259580 0.447501481 0.452980071 0.458080053 0.463412285 0.468409032 0.473475456 0.478213727 0.483005345 0.487670928 0.488960683 0.488237232 0.502738833 0.504269183 0.503288150 0.515808702   
 45 0.116987988 0.126183465 0.136083320 0.145922020 0.155971423 0.165392563 0.173963711 0.180162519 0.184422910 0.188710853 0.192846969 0.196927145 0.200990751 0.204605669 0.208666474 0.212423027 0.216272131 0.220143244 0.224150643 0.227890953 0.231499434 0.235242188 0.238940164 0.242719069 0.246859491 0.250687301 0.254633278 0.258219987 0.262063205 0.266071558 0.269931346 0.273887098 0.277562439 0.281354040 0.285179496 0.289061427 0.292900205 0.296408117 0.299840152 0.303379714 0.306606084 0.310253322 0.313512772 0.316606939 0.319568127 0.322745770 0.325418323 0.328359514 0.331116915 0.335215539 0.340866387 0.345776081 0.350927174 0.355748445 0.360944062 0.366070032 0.371313721 0.376561135 0.381835848 0.387103260 0.392153054 0.397383273 0.402822673 0.408106506 0.413480133 0.418645501 0.424060524 0.429342389 0.434437335 0.439840347 0.444979429 0.450345963 0.455327272 0.460530251 0.465390265 0.470309556 0.474892348 0.479517251 0.484005570 0.485132486 0.484252304 0.498458147 0.499786973 0.498615593 0.510804117   
 46 0.116041027 0.125184029 0.135028973 0.144816384 0.154816002 0.164194971 0.172732607 0.178909540 0.183155090 0.187428549 0.191551745 0.195619851 0.199671969 0.203278750 0.207328916 0.211077198 0.214917794 0.218780622 0.222779229 0.226512685 0.230115399 0.233851835 0.237543970 0.241316810 0.245449290 0.249271199 0.253210723 0.256793171 0.260630816 0.264632821 0.268487155 0.272437036 0.276107997 0.279894590 0.283714890 0.287591338 0.291424781 0.294928968 0.298357487 0.301892817 0.305116296 0.308758408 0.312014341 0.315105498 0.318063945 0.321237504 0.323907942 0.326845348 0.329599410 0.333692253 0.339332789 0.344233245 0.349371523 0.354178756 0.359355778 0.364460319 0.369678706 0.374897182 0.380138934 0.385369301 0.390378594 0.395562798 0.400950283 0.406177551 0.411488563 0.416586369 0.421926260 0.427127004 0.432134718 0.437441468 0.442477703 0.447732151 0.452594697 0.457668513 0.462391794 0.467163980 0.471591443 0.476049721 0.480360985 0.481325060 0.480288088 0.494198799 0.495326191 0.493964434 0.505821526   
 47 0.115121536 0.124212809 0.134003565 0.143740281 0.153690621 0.163027614 0.171531677 0.177686602 0.181917205 0.186176062 0.190286174 0.194342017 0.198382452 0.201980814 0.206020117 0.209759817 0.213591620 0.217445850 0.221435353 0.225161642 0.228758201 0.232487947 0.236173913 0.239940286 0.244064510 0.247880101 0.251812845 0.255390614 0.259222299 0.263217568 0.267066061 0.271009624 0.274675786 0.278457016 0.282271713 0.286142260 0.289969981 0.293469965 0.296894521 0.300425202 0.303645343 0.307281911 0.310533881 0.313621551 0.316576838 0.319745868 0.322413713 0.325346947 0.328097165 0.332183599 0.337812990 0.342703402 0.347828120 0.352620542 0.357778281 0.362860709 0.368053168 0.373242080 0.378450364 0.383643180 0.388611525 0.393749326 0.399084449 0.404254824 0.409502953 0.414532959 0.419797540 0.424916983 0.429837406 0.435047805 0.439981103 0.445123523 0.449867457 0.454812199 0.459398985 0.464024305 0.468296647 0.472588688 0.476723194 0.477524817 0.476331502 0.489947706 0.490874201 0.489322603 0.500849128   
 48 0.114223972 0.123263881 0.133000791 0.142686978 0.152588069 0.161882937 0.170353085 0.176485568 0.180700988 0.184944957 0.189041689 0.193084940 0.197113305 0.200702831 0.204730883 0.208461568 0.212284148 0.216129333 0.220109314 0.223827928 0.227417856 0.231140450 0.234819710 0.238579139 0.242694601 0.246503353 0.250428826 0.254001379 0.257826567 0.261814564 0.265656650 0.269593418 0.273254216 0.277029514 0.280838102 0.284702212 0.288523644 0.292018890 0.295438915 0.298964411 0.302180648 0.305811107 0.309058577 0.312142223 0.315093786 0.318257779 0.320922554 0.323851049 0.326596946 0.330676228 0.336293519 0.341172904 0.346283138 0.351059943 0.356197536 0.361257136 0.366422921 0.371581644 0.376755804 0.381910473 0.386837333 0.391928226 0.397210658 0.402323753 0.407508671 0.412470579 0.417659670 0.422697663 0.427530676 0.432644755 0.437475204 0.442505687 0.447131157 0.451947063 0.456397653 0.460876524 0.464994222 0.469120532 0.473078907 0.473718762 0.472369879 0.485692382 0.486418903 0.484678507 0.495875478   
 49 0.113342978 0.122331515 0.132014528 0.141649947 0.151501477 0.160753697 0.169189185 0.175298676 0.179498464 0.183727130 0.187809989 0.191840157 0.195855960 0.199436098 0.203452364 0.207173482 0.210986272 0.214821830 0.218791693 0.222502038 0.226084709 0.229799524 0.233471468 0.237223312 0.241329402 0.245130688 0.249048203 0.252614856 0.256432921 0.260412991 0.264248043 0.268177301 0.271832108 0.275600791 0.279402584 0.283259571 0.287074089 0.290563911 0.293978781 0.297498375 0.300710112 0.304333776 0.307576120 0.310655117 0.313602358 0.316760659 0.319421768 0.322344929 0.325085938 0.329157203 0.334761262 0.339628607 0.344723374 0.349483609 0.354600161 0.359636039 0.364774346 0.369902074 0.375041425 0.380157292 0.385042101 0.390085608 0.395314753 0.400370181 0.405491531 0.410385132 0.415498465 0.420454919 0.425200462 0.430218190 0.434945941 0.439864635 0.444371879 0.449059337 0.453374207 0.457707107 0.461670846 0.465632141 0.469415247 0.469894469 0.468391180 0.481420726 0.481948644 0.480020911 0.490889609   
 50 0.112473421 0.121410221 0.131038874 0.140622973 0.150424212 0.159632906 0.168032750 0.174118385 0.178301990 0.182514742 0.186583117 0.190599576 0.194602162 0.198172256 0.202176064 0.205886930 0.209689215 0.213514447 0.217473477 0.221174836 0.224749535 0.228455797 0.232119679 0.235863179 0.239959121 0.243752167 0.247660965 0.251221001 0.255031109 0.259002477 0.262829691 0.266750693 0.270398706 0.274159998 0.277954191 0.281803310 0.285610050 0.289093703 0.292502612 0.296015620 0.299222082 0.302838236 0.306074679 0.309148312 0.312090516 0.315242440 0.317899197 0.320816368 0.323551834 0.327614129 0.333203733 0.338057876 0.343136042 0.347878635 0.352973193 0.357984394 0.363094300 0.368190199 0.373293936 0.378370285 0.383212388 0.388207912 0.393383294 0.398380607 0.403438032 0.408262998 0.413300365 0.418175161 0.422833234 0.427754700 0.432379812 0.437186956 0.441576421 0.446135819 0.450315505 0.454503179 0.458313733 0.462110966 0.465719819 0.466039747 0.464383721 0.477121204 0.477452219 0.475339144 0.485881031   
 51 0.111610353 0.120494716 0.130068198 0.139600009 0.149349898 0.158513859 0.166876748 0.172937497 0.177104190 0.181300297 0.185353443 0.189355418 0.193344012 0.196903273 0.200893834 0.204593629 0.208384588 0.212198660 0.216145992 0.219837517 0.223403379 0.227100253 0.230755195 0.234489515 0.238574386 0.242358327 0.246257499 0.249809995 0.253611296 0.257573038 0.261391521 0.265303314 0.268943638 0.272696644 0.276482373 0.280322641 0.284120768 0.287597388 0.290999502 0.294505030 0.297705352 0.301313162 0.304542869 0.307610363 0.310546756 0.313691527 0.316343188 0.319253623 0.321982831 0.326035112 0.331608862 0.336448580 0.341508925 0.346232772 0.351304173 0.356289655 0.361370176 0.366433382 0.371500582 0.376536667 0.381335378 0.386282235 0.391403288 0.396342039 0.401335090 0.406091154 0.411052316 0.415845335 0.420415938 0.425241172 0.429763883 0.434459835 0.438731879 0.443163842 0.447209060 0.451252311 0.454910696 0.458544970 0.461980850 0.462143183 0.460336357 0.472782671 0.472918928 0.470622897 0.480839670   
 52 0.110749006 0.119579904 0.129097059 0.138575286 0.148272395 0.157390118 0.165714443 0.171749055 0.175898001 0.180076599 0.184113607 0.188100219 0.192073926 0.195621461 0.199597806 0.203285605 0.207064316 0.210866272 0.214800939 0.218481675 0.222037733 0.225724265 0.229369298 0.233093426 0.237166211 0.240940019 0.244828552 0.248372540 0.252164006 0.256115109 0.259923816 0.263825417 0.267457068 0.271200746 0.274976969 0.278807431 0.282595903 0.286064506 0.289458871 0.292955935 0.296149254 0.299747735 0.302969813 0.306030303 0.308960050 0.312096804 0.314742565 0.317645460 0.320367634 0.324408740 0.329965115 0.334789097 0.339830309 0.344534189 0.349581212 0.354539841 0.359589934 0.364619374 0.369649172 0.374644071 0.379398674 0.384296209 0.389362276 0.394241899 0.399170220 0.403857052 0.408741832 0.413452923 0.417936087 0.422665179 0.427085817 0.431670845 0.435826093 0.440131187 0.444042802 0.447942585 0.451449931 0.454922557 0.458186954 0.458193690 0.456238478 0.468394607 0.468338549 0.465862483 0.475755960   
 53 0.109884851 0.118660927 0.128120273 0.137543291 0.147185862 0.156255513 0.164539427 0.170546487 0.174676672 0.178836748 0.182856634 0.186826840 0.190784618 0.194319427 0.198280513 0.201955289 0.205720678 0.209509462 0.213430375 0.217099234 0.220644459 0.224319533 0.227953568 0.231666416 0.235725969 0.239488542 0.243365303 0.246899739 0.250680238 0.254619539 0.258417368 0.262307584 0.265929461 0.269662738 0.273428321 0.277247846 0.281025589 0.284485102 0.287870675 0.291358232 0.294543564 0.298131615 0.301345110 0.304397613 0.307319790 0.310447574 0.313086629 0.315981060 0.318695366 0.322724104 0.328261495 0.333068252 0.338088900 0.342771560 0.347792923 0.352723509 0.357741952 0.362736553 0.367727965 0.372680783 0.377390474 0.382237911 0.387248337 0.392068326 0.396931410 0.401548743 0.406356871 0.410985947 0.415381759 0.420014888 0.424333721 0.428808302 0.432847321 0.437026322 0.440805227 0.444562644 0.447920293 0.451232731 0.454327315 0.454180777 0.452079892 0.463946849 0.463701338 0.461048454 0.470620781   
 54 0.109013520 0.117733151 0.127132863 0.136498734 0.146084711 0.155104160 0.163345546 0.169323429 0.173433751 0.177574158 0.181575790 0.185528472 0.189469159 0.192990139 0.196934804 0.200595409 0.204346314 0.208120719 0.212026685 0.215682521 0.219215736 0.222878173 0.226500049 0.230200410 0.234245464 0.237995595 0.241859376 0.245382994 0.249151319 0.253077596 0.256863296 0.260740936 0.264351815 0.268073469 0.271827251 0.275634587 0.279400319 0.282849610 0.286225289 0.289702237 0.292878449 0.296454936 0.299658805 0.302702308 0.305615932 0.308733702 0.311365128 0.314250201 0.316955715 0.320970744 0.326487452 0.331275463 0.336274058 0.340934068 0.345928431 0.350829661 0.355815291 0.360773861 0.365725756 0.370635539 0.375299484 0.380096108 0.385050178 0.389809936 0.394607276 0.399154812 0.403886020 0.408433020 0.412741542 0.417278856 0.421496242 0.425860822 0.429784328 0.433838099 0.437485397 0.441101670 0.444311053 0.447465003 0.450391620 0.450094432 0.447850883 0.459429830 0.458998024 0.456172049 0.465425491   
 55 0.108130865 0.116792120 0.126130074 0.135436580 0.144963592 0.153930441 0.162126943 0.168073833 0.172163069 0.176282570 0.180264696 0.184198588 0.188120946 0.191626891 0.195553839 0.199199036 0.202934191 0.206692979 0.210582674 0.214224175 0.217744142 0.221392676 0.225001097 0.228687659 0.232716873 0.236453250 0.240302652 0.243814260 0.247569084 0.251480907 0.255253196 0.259116888 0.262715518 0.266424209 0.270164877 0.273958713 0.277711183 0.281149000 0.284513563 0.287978619 0.291144639 0.294708341 0.297901422 0.300934792 0.303838819 0.306945503 0.309568375 0.312443048 0.315138847 0.319138795 0.324632943 0.329400599 0.334375530 0.339011461 0.343977332 0.348847866 0.353799343 0.358720690 0.363631964 0.368497640 0.373114944 0.377859920 0.382756889 0.387455851 0.392186970 0.396664351 0.401318431 0.405783266 0.410004616 0.414446265 0.418562680 0.422817767 0.426626563 0.430555940 0.434072793 0.437549323 0.440612108 0.443609327 0.446370065 0.445925057 0.443542272 0.454834372 0.454219788 0.451224774 0.460161835   
 56 0.107232928 0.115833625 0.125107422 0.134352028 0.143817410 0.152729020 0.160878032 0.166791990 0.170858786 0.174956024 0.178917289 0.182831049 0.186733678 0.190223306 0.194131166 0.197759613 0.201477647 0.205219418 0.209091440 0.212717280 0.216222644 0.219855890 0.223449484 0.227120891 0.231132746 0.234853968 0.238687590 0.242185801 0.245925710 0.249821693 0.253579110 0.257427394 0.261012375 0.264706761 0.268432856 0.272211790 0.275949568 0.279374659 0.282726794 0.286178678 0.289333224 0.292882830 0.296063900 0.299086064 0.301979393 0.305073828 0.307687104 0.310550332 0.313235402 0.317218781 0.322688401 0.327434033 0.332383603 0.336993992 0.341929793 0.346768200 0.351684123 0.356566995 0.361436427 0.366256952 0.370826662 0.375519127 0.380358160 0.384995699 0.389660120 0.394066989 0.398643672 0.403026283 0.407160610 0.411506861 0.415522695 0.419668883 0.423363864 0.427169889 0.430557579 0.433895767 0.436813742 0.439656228 0.442253381 0.441663712 0.439145327 0.450151861 0.449358284 0.446198761 0.454822093   
 57 0.106315956 0.114853643 0.124060594 0.133240536 0.142641366 0.151494831 0.159593537 0.165472463 0.169515371 0.173588857 0.177527815 0.181419954 0.185301423 0.188773364 0.192660615 0.196270898 0.199970365 0.203693643 0.207546487 0.211155206 0.214644551 0.218261048 0.221838370 0.225493103 0.229486078 0.233190611 0.237006932 0.240490317 0.244213790 0.248092368 0.251833409 0.255664766 0.259234667 0.262913227 0.266623288 0.270385832 0.274107456 0.277518362 0.280856729 0.284294099 0.287435859 0.290969998 0.294137806 0.297147483 0.300028920 0.303109944 0.305712551 0.308563203 0.311236471 0.315201759 0.320644826 0.325366676 0.330289125 0.334872305 0.339776516 0.344581217 0.349460185 0.354303211 0.359129578 0.363903761 0.368424952 0.373064041 0.377844334 0.382419735 0.387016892 0.391352952 0.395852000 0.400152326 0.404199749 0.408450872 0.412366688 0.416404635 0.419986635 0.423670441 0.426930338 0.430131823 0.432906836 0.435596824 0.438032746 0.437301785 0.434651852 0.445374131 0.444405764 0.441086471 0.449398994   
 58 0.105376385 0.113848373 0.122985557 0.132097796 0.141430900 0.150223091 0.158268467 0.164110094 0.168127552 0.172175705 0.176090792 0.179959804 0.183818534 0.187271312 0.191136405 0.194727004 0.198406368 0.202109605 0.205941647 0.209531710 0.213003531 0.216601729 0.220161259 0.223797768 0.227770165 0.231456459 0.235253856 0.238720879 0.242426336 0.246285871 0.250008970 0.253821760 0.257375062 0.261036217 0.264728695 0.268473238 0.272177130 0.275572419 0.278895617 0.282316953 0.285444677 0.288961858 0.292115033 0.295110971 0.297979295 0.301045567 0.303636432 0.306473345 0.309133738 0.313079327 0.318493694 0.323189855 0.328083366 0.332637727 0.337508589 0.342278123 0.347118556 0.351920366 0.356702358 0.361429006 0.365900666 0.370485395 0.375206083 0.379718691 0.384248048 0.388512939 0.392934084 0.397152066 0.401112854 0.405269086 0.409085393 0.413015783 0.416485876 0.420048594 0.423182189 0.426248699 0.428882867 0.431422561 0.433699906 0.432831258 0.430054098 0.440493494 0.439354777 0.435880929 0.443885684   
 59 0.104410864 0.112814248 0.121878475 0.130919755 0.140181705 0.148909256 0.156898111 0.162700042 0.166690394 0.170711562 0.174601138 0.178445354 0.182279706 0.185711801 0.189553052 0.193122372 0.196779996 0.200461566 0.204271153 0.207840934 0.211293653 0.214871943 0.218412042 0.222028717 0.225978777 0.229645163 0.233421922 0.236871019 0.240556806 0.244395569 0.248099044 0.251891613 0.255426675 0.259068817 0.262742013 0.266466916 0.270151436 0.273529589 0.276836097 0.280239910 0.283352137 0.286850810 0.289987981 0.292968869 0.295822829 0.298873037 0.301450998 0.304272920 0.306919277 0.310843498 0.316226870 0.320895523 0.325758219 0.330282003 0.335117787 0.339850456 0.344650835 0.349409908 0.354146153 0.358824044 0.363245159 0.367774606 0.372434765 0.376883924 0.381344855 0.385538250 0.389881223 0.394016862 0.397891134 0.401952833 0.405670285 0.409493804 0.412853062 0.416295916 0.419304878 0.422238231 0.424733669 0.427125543 0.429247051 0.428244591 0.425344795 0.435502797 0.434198409 0.430575550 0.438275754   
 60 0.103416219 0.111747868 0.120735757 0.129702583 0.138889745 0.147549093 0.155478030 0.161237746 0.165199265 0.169191688 0.173054025 0.176871717 0.180679962 0.184089765 0.187905461 0.191451833 0.195086032 0.198744193 0.202529550 0.206077382 0.209509328 0.213066027 0.216585010 0.220180124 0.224106014 0.227750763 0.231505141 0.234934643 0.238599002 0.242415220 0.246097311 0.249867857 0.253383040 0.257004440 0.260656655 0.264360189 0.268023610 0.271383077 0.274671316 0.278056026 0.281151295 0.284629881 0.287749588 0.290713996 0.293552250 0.296585053 0.299148887 0.301954597 0.304585755 0.308486819 0.313836932 0.318476081 0.323305905 0.327797383 0.332596272 0.337290406 0.342049122 0.346763968 0.351453036 0.356080890 0.360450357 0.364923477 0.369522214 0.373907179 0.378299147 0.382420659 0.386685222 0.390738487 0.394526541 0.398493975 0.402113199 0.405830652 0.409080237 0.412404567 0.415290534 0.418092638 0.420451701 0.422698349 0.424666941 0.423534781 0.420517176 0.430395365 0.428930312 0.425164282 0.432563335   
 61 0.102389492 0.110646106 0.119554020 0.128442705 0.137551233 0.146138653 0.154004097 0.159718946 0.163649827 0.167611644 0.171444938 0.175234318 0.179014653 0.182400510 0.186188772 0.189710498 0.193319485 0.196952477 0.200711742 0.204235882 0.207645386 0.211178690 0.214674845 0.218246594 0.222146422 0.225767717 0.229497850 0.232906044 0.236547187 0.240338981 0.243997872 0.247744575 0.251238078 0.254836977 0.258466482 0.262146801 0.265787363 0.269126445 0.272394836 0.275758833 0.278835595 0.282292426 0.285393149 0.288339674 0.291160882 0.294174790 0.296723336 0.299511462 0.302126169 0.306002319 0.311316788 0.315924346 0.320719302 0.325176656 0.329936773 0.334590644 0.339305967 0.343975008 0.348615497 0.353192002 0.357508719 0.361924499 0.366460860 0.370780855 0.375103235 0.379152566 0.383338451 0.387309313 0.391011357 0.394884944 0.398406625 0.402018845 0.405159950 0.408367157 0.411131859 0.413804829 0.416029930 0.418134034 0.419952810 0.418695271 0.415564954 0.425164908 0.423544496 0.419641435 0.426742971   
 62 0.101327918 0.109505996 0.118330143 0.127136812 0.136162639 0.144674212 0.152472466 0.158139706 0.162038028 0.165967330 0.169769719 0.173528910 0.177279457 0.180639625 0.184398606 0.187893853 0.191475794 0.195081770 0.198813081 0.202311680 0.205696940 0.209205046 0.212676540 0.216223121 0.220094889 0.223690882 0.227394864 0.230779961 0.234396026 0.238161445 0.241795301 0.245516226 0.248986304 0.252560824 0.256165713 0.259820998 0.263436854 0.266753882 0.270000726 0.273342282 0.276399016 0.279832363 0.282912582 0.285839766 0.288642496 0.291636020 0.294167995 0.296937197 0.299534202 0.303383589 0.308659941 0.313233793 0.317991793 0.322413087 0.327132553 0.331744313 0.336414576 0.341036171 0.345626563 0.350150347 0.354413182 0.358770579 0.363243550 0.367497861 0.371750027 0.375726819 0.379833788 0.383722216 0.387338549 0.391118675 0.394543529 0.398051411 0.401085317 0.404176861 0.406822205 0.409368128 0.411461830 0.413426250 0.415098429 0.413720012 0.410482347 0.419805855 0.418035507 0.414001852 0.420809656   
 63 0.100228921 0.108324803 0.117061198 0.125781775 0.134720728 0.143152356 0.150879562 0.156496331 0.160360157 0.164254963 0.168024480 0.171751559 0.175470382 0.178803071 0.182530805 0.185997725 0.189550728 0.193127781 0.196829125 0.200300351 0.203659564 0.207140595 0.210585549 0.214105040 0.217946723 0.221515477 0.225191340 0.228551522 0.232140571 0.235877633 0.239484474 0.243177667 0.246622443 0.250170767 0.253749102 0.257377446 0.260966688 0.264259875 0.267483503 0.270800859 0.273835957 0.277244031 0.280302137 0.283208430 0.285991251 0.288962930 0.291476995 0.294225901 0.296803892 0.300624609 0.305860251 0.310398340 0.315117180 0.319500566 0.324177355 0.328745186 0.333368540 0.337941110 0.342479825 0.346949488 0.351157308 0.355455190 0.359863818 0.364051640 0.368232995 0.372136861 0.376164675 0.379970670 0.383501589 0.387188703 0.390517473 0.393921912 0.396849930 0.399827391 0.402355343 0.404776424 0.406741381 0.408569157 0.410098076 0.408603519 0.405264050 0.414312869 0.412398398 0.408240855 0.414758891   
 64 0.099090159 0.107100025 0.115744509 0.124374792 0.133222476 0.141569942 0.149222121 0.154785469 0.158612788 0.162471041 0.166205689 0.169898659 0.173583731 0.176887125 0.180581585 0.184018284 0.187540412 0.191086560 0.194755942 0.198197842 0.201529115 0.204981148 0.208397657 0.211888105 0.215697601 0.219237134 0.222882837 0.226216257 0.229776263 0.233482942 0.237060800 0.240724221 0.244141817 0.247661933 0.251211852 0.254811198 0.258371919 0.261639476 0.264838099 0.268129468 0.271141261 0.274522275 0.277556628 0.280440480 0.283201903 0.286150098 0.288644969 0.291372150 0.293929785 0.297719896 0.302912265 0.307412356 0.312089831 0.316433311 0.321065366 0.325587422 0.330162078 0.334683865 0.339169383 0.343583524 0.347735077 0.351972401 0.356315583 0.360436201 0.364546061 0.368376642 0.372325003 0.376048654 0.379494518 0.383088976 0.386322498 0.389624506 0.392448038 0.395312995 0.397725552 0.400024146 0.401863128 0.403557330 0.404946506 0.403340667 0.399905235 0.408681244 0.406628609 0.402354151 0.408586562   
 65 0.097909428 0.105829343 0.114377625 0.122913264 0.131665155 0.139924079 0.147497147 0.153004065 0.156792745 0.160612360 0.164310068 0.167966887 0.171616197 0.174888387 0.178547516 0.181952044 0.185441285 0.188954532 0.192589879 0.196000487 0.199301898 0.202722952 0.206109047 0.209568441 0.213343590 0.216851920 0.220465377 0.223770067 0.227299049 0.230973214 0.234520078 0.238151655 0.241540119 0.245030031 0.248549476 0.252117872 0.255648047 0.258888096 0.262059957 0.265323460 0.268310279 0.271662384 0.274671257 0.277531087 0.280269593 0.283192784 0.285667062 0.288371056 0.290906996 0.294664502 0.299810916 0.304270774 0.308904648 0.313206166 0.317791462 0.322265774 0.326789886 0.331259191 0.335689873 0.340046972 0.344141126 0.348316699 0.352593452 0.356646001 0.360683739 0.364440709 0.368309379 0.371950686 0.375311792 0.378814101 0.381953210 0.385153741 0.387874275 0.390628397 0.392927647 0.395106196 0.396822065 0.398385942 0.399639010 0.397926986 0.394401580 0.402906716 0.400722146 0.396337986 0.402289003   
 66 0.096684784 0.104510650 0.112958319 0.121394821 0.130046278 0.138212189 0.145701915 0.151149303 0.154897258 0.158676058 0.162334740 0.165953293 0.169564724 0.172803819 0.176425487 0.179795861 0.183250174 0.186728463 0.190327629 0.193704933 0.196974546 0.200362593 0.203716263 0.207142591 0.210881189 0.214356199 0.217935309 0.221209332 0.224705189 0.228344709 0.231858492 0.235456109 0.238813415 0.242271096 0.245758042 0.249293402 0.252791017 0.256001711 0.259144902 0.262378722 0.265338838 0.268660069 0.271641821 0.274476022 0.277190030 0.280086517 0.282538861 0.285218179 0.287731022 0.291453928 0.296551675 0.300969005 0.305556953 0.309814513 0.314350903 0.318775535 0.323247194 0.327662200 0.332036406 0.336335063 0.340370506 0.344483227 0.348692447 0.352676153 0.356641084 0.360324055 0.364112854 0.367671818 0.370948553 0.374359220 0.377404749 0.380504906 0.383123904 0.385768920 0.387957066 0.390018046 0.391613841 0.393050611 0.394171357 0.392358392 0.388749152 0.396985531 0.394675374 0.390189022 0.395863116   
 67 0.095414437 0.103142098 0.111484602 0.119817354 0.128363609 0.136431932 0.143834054 0.149218738 0.152923763 0.156659558 0.160277054 0.163855225 0.167426646 0.170630679 0.174212754 0.177546918 0.180964231 0.184405446 0.187966302 0.191308260 0.194544062 0.197897032 0.201216266 0.204607427 0.208307207 0.211746812 0.215289414 0.218530774 0.221991420 0.225594088 0.229072645 0.232634157 0.235958308 0.239381686 0.242834032 0.246334255 0.249797180 0.252976626 0.256089330 0.259291530 0.262223184 0.265511632 0.268464476 0.271271378 0.273959339 0.276827514 0.279256493 0.281909585 0.284397930 0.288084179 0.293130487 0.297502935 0.302042633 0.306254148 0.310739517 0.315112412 0.319529682 0.323888630 0.328204721 0.332443357 0.336418867 0.340467572 0.344608188 0.348522186 0.352413714 0.356022358 0.359730959 0.363207698 0.366400421 0.369719952 0.372672826 0.375673681 0.378192723 0.380730391 0.382809728 0.384755701 0.386234432 0.387547642 0.388539881 0.386631340 0.382944703 0.390914440 0.388485283 0.383904397 0.389306247   
 68 0.094096832 0.101721987 0.109954692 0.118179016 0.126615196 0.134581268 0.141891405 0.147210181 0.150870085 0.154560611 0.158134744 0.161670357 0.165199578 0.168366581 0.171906844 0.175202757 0.178580970 0.181982994 0.185503304 0.188807860 0.192007810 0.195323631 0.198606342 0.201960221 0.205618933 0.209020987 0.212524891 0.215731546 0.219154805 0.222718418 0.226159617 0.229682833 0.232971758 0.236358747 0.239774346 0.243237302 0.246663451 0.249809653 0.252889961 0.256058633 0.258960009 0.262213737 0.265135884 0.267913818 0.270574152 0.273412287 0.275816500 0.278441846 0.280904233 0.284551710 0.289543808 0.293869048 0.298358113 0.302521437 0.306953579 0.311272740 0.315633655 0.319934756 0.324191004 0.328368098 0.332282394 0.336265892 0.340336800 0.344180286 0.347997755 0.351531655 0.355159879 0.358554423 0.361663550 0.364892453 0.367753655 0.370656341 0.373077005 0.375509202 0.377482057 0.379315674 0.380680501 0.381873608 0.382741421 0.380742788 0.376985282 0.384690613 0.382149249 0.377481729 0.382615983   
 69 0.092730567 0.100248881 0.108367048 0.116478160 0.124799326 0.132658407 0.139872134 0.145121738 0.148734257 0.152377278 0.155905828 0.159396663 0.162881508 0.166009471 0.169505715 0.172761261 0.176098228 0.179458901 0.182936475 0.186201483 0.189363569 0.192640126 0.195884183 0.199198663 0.202813983 0.206176326 0.209639296 0.212809220 0.216192916 0.219715223 0.223116890 0.226599544 0.229851171 0.233199611 0.236576378 0.239999875 0.243387118 0.246498138 0.249544099 0.252677232 0.255546600 0.258763552 0.261653244 0.264400482 0.267031521 0.269837946 0.272215933 0.274811983 0.277247012 0.280853599 0.285788596 0.290064275 0.294500291 0.298613280 0.302989990 0.307253331 0.311555952 0.315797269 0.319992006 0.324105978 0.327957779 0.331874877 0.335874975 0.339647114 0.343389809 0.346848696 0.350396276 0.353708744 0.356734663 0.359873533 0.362644017 0.365449637 0.367773622 0.370102197 0.371970922 0.373694956 0.374949127 0.376025796 0.376773208 0.374690235 0.370868504 0.378311813 0.375665158 0.370919049 0.375790715   
 70 0.091314487 0.098721534 0.106720373 0.114713416 0.122914568 0.130661860 0.137774676 0.142951801 0.146514669 0.150107890 0.153588623 0.157032490 0.160470694 0.163557589 0.167007565 0.170220673 0.173514217 0.176831380 0.180263951 0.183487296 0.186609432 0.189844579 0.193047911 0.196320802 0.199890375 0.203210831 0.206630632 0.209761724 0.213103682 0.216582403 0.219942316 0.223382190 0.226594403 0.229902148 0.233237877 0.236619741 0.239965901 0.243039727 0.246049434 0.249145031 0.251980513 0.255158722 0.258014113 0.260728955 0.263329148 0.266102076 0.268452376 0.271017551 0.273423731 0.276987284 0.281862319 0.286085963 0.290466487 0.294526994 0.298846066 0.303051531 0.307293773 0.311473489 0.315604955 0.319654226 0.323442250 0.327291757 0.331219941 0.334919870 0.338587135 0.341970652 0.345437378 0.348667800 0.351611018 0.354660422 0.357341170 0.360050976 0.362279952 0.364506900 0.366273910 0.367891133 0.369037986 0.370001912 0.370633096 0.368471563 0.364592493 0.371776193 0.369031340 0.364214897 0.368829012   
 71 0.089847602 0.097138911 0.105013572 0.112883657 0.120959736 0.128590375 0.135597765 0.140699118 0.144210026 0.147751123 0.151181772 0.154576436 0.157965779 0.161009550 0.164411008 0.167579532 0.170827478 0.174098939 0.177484259 0.180663794 0.183743894 0.186935470 0.190095916 0.193325058 0.196846545 0.200122908 0.203497246 0.206587434 0.209885418 0.213318259 0.216634214 0.220029041 0.223199740 0.226464584 0.229757085 0.233095095 0.236397997 0.239432633 0.242404088 0.245460168 0.248259947 0.251397341 0.254216641 0.256897360 0.259464949 0.262202680 0.264523834 0.267056555 0.269432396 0.272950739 0.277762920 0.281932116 0.286254704 0.290260553 0.294519663 0.298665166 0.302845061 0.306961268 0.311027646 0.315010697 0.318733633 0.322514266 0.326369405 0.329996347 0.333587468 0.336895227 0.340280920 0.343429416 0.346290380 0.349250913 0.351842940 0.354458183 0.356593877 0.358721167 0.360389054 0.361902267 0.362945199 0.363800198 0.364319474 0.362085283 0.358155787 0.365082383 0.362246573 0.357368261 0.361730069   
 72 0.088329136 0.095500208 0.103245802 0.110988006 0.118933894 0.126442999 0.133340448 0.138362646 0.141819328 0.145305961 0.148684278 0.152027443 0.155365676 0.158364281 0.161714956 0.164836749 0.168036938 0.171260476 0.174596250 0.177729830 0.180765808 0.183911636 0.187027052 0.190210253 0.193681300 0.196911320 0.200237945 0.203285113 0.206536919 0.209921554 0.213191316 0.216538817 0.219665840 0.222885624 0.226132706 0.229424626 0.232682064 0.235675484 0.238606721 0.241621256 0.244383469 0.247477993 0.250259340 0.252904177 0.255437583 0.258138359 0.260428846 0.262927473 0.265271544 0.268742502 0.273488879 0.277601153 0.281863332 0.285812289 0.290009171 0.294092596 0.298208058 0.302258849 0.306258470 0.310173601 0.313830107 0.317540735 0.321321666 0.324874759 0.328389078 0.331620812 0.334925205 0.337991923 0.340771049 0.343643367 0.346147776 0.348669678 0.350713879 0.352743596 0.354314804 0.355727047 0.356669486 0.357419401 0.357831150 0.355530292 0.351557493 0.358229578 0.355310231 0.350378543 0.354493439   
 73 0.086758509 0.093804814 0.101416439 0.109025799 0.116836391 0.124219082 0.131001979 0.135941714 0.139341846 0.142771691 0.146095380 0.149384826 0.152669683 0.155621052 0.158918664 0.161991596 0.165141821 0.168315217 0.171599180 0.174684644 0.177674383 0.180772319 0.183840573 0.186975628 0.190393835 0.193575293 0.196851909 0.199853957 0.203057349 0.206391454 0.209612772 0.212910667 0.215991870 0.219164371 0.222363800 0.225607425 0.228817180 0.231767341 0.234656394 0.237627342 0.240350157 0.243399754 0.246141285 0.248748481 0.251246005 0.253908038 0.256166399 0.258629352 0.260940075 0.264361471 0.269039094 0.273092031 0.277291268 0.281181157 0.285313517 0.289332688 0.293381661 0.297365129 0.301296175 0.305141866 0.308730662 0.312369943 0.316075593 0.319553912 0.322990805 0.326146126 0.329369098 0.332354128 0.335051954 0.337836683 0.340254515 0.342684388 0.344638973 0.346573144 0.348050356 0.349364519 0.350210041 0.350858837 0.351167530 0.348806113 0.344797164 0.351217508 0.348222047 0.343245745 0.347119182   
 74 0.085135333 0.092052341 0.099525064 0.106996633 0.114666812 0.121918179 0.128582001 0.133435905 0.136777177 0.140147895 0.143414691 0.146648154 0.149877384 0.152779475 0.156021729 0.159043670 0.162141725 0.165262789 0.168492645 0.171527818 0.174469233 0.177517116 0.180536017 0.183620721 0.186983719 0.190114394 0.193338722 0.196293533 0.199446261 0.202727541 0.205898151 0.209144130 0.212177366 0.215300396 0.218449980 0.221643046 0.224802911 0.227707788 0.230552644 0.233477980 0.236159503 0.239162102 0.241861969 0.244429797 0.246889740 0.249511257 0.251735985 0.254161626 0.256437570 0.259807140 0.264413089 0.268404156 0.272537977 0.276366532 0.280432075 0.284384876 0.288365304 0.292279541 0.296140194 0.299914777 0.303434521 0.307001293 0.310630471 0.314033240 0.317392021 0.320470631 0.323611915 0.326515406 0.329132468 0.331830263 0.334162682 0.336501867 0.338368565 0.340209365 0.341595232 0.342814386 0.343566567 0.344118237 0.344328374 0.341912597 0.337874800 0.344046235 0.340982288 0.335970134 0.339607835   
 75 0.083459415 0.090242602 0.097571537 0.104900360 0.112425007 0.119540177 0.126080364 0.130845085 0.134125218 0.137434483 0.140642136 0.143817350 0.146988690 0.149839446 0.153024077 0.155992880 0.159036592 0.162103117 0.165276587 0.168259323 0.171150312 0.174145937 0.177113369 0.180145562 0.183450937 0.186528623 0.189698353 0.192603827 0.195703641 0.198929757 0.202047437 0.205239221 0.208222345 0.211293697 0.214391172 0.217531458 0.220639229 0.223496780 0.226295456 0.229173139 0.231811509 0.234765023 0.237421378 0.239948034 0.242368728 0.244947970 0.247137561 0.249524310 0.251763910 0.255079508 0.259610802 0.263537496 0.267603397 0.271368384 0.275364786 0.279249042 0.283158869 0.287001908 0.290790439 0.294492334 0.297941625 0.301434666 0.304986238 0.308312625 0.311592638 0.314594209 0.317653626 0.320475757 0.323012561 0.325624079 0.327872217 0.330122054 0.331902832 0.333652377 0.334949613 0.336076856 0.336739302 0.337197989 0.337314129 0.334850252 0.330790937 0.336716384 0.333591700 0.328552604 0.331960320   
 76 0.081730798 0.088375658 0.095555916 0.102737069 0.110111095 0.117085196 0.123497233 0.128169477 0.131386146 0.134631664 0.137777895 0.140892640 0.144003838 0.146801233 0.149925977 0.152839527 0.155826733 0.158836499 0.161951318 0.164879471 0.167717949 0.170659170 0.173572972 0.176550448 0.179795861 0.182818338 0.185931206 0.188785225 0.191829890 0.194998547 0.198061049 0.201196343 0.204127192 0.207144678 0.210187882 0.213273123 0.216326565 0.219134763 0.221885264 0.224713266 0.227306619 0.230209008 0.232819960 0.235303700 0.237683475 0.240218654 0.242371619 0.244717821 0.246919587 0.250179023 0.254632682 0.258492559 0.262487948 0.266187161 0.270112127 0.273925692 0.277762800 0.281532735 0.285247296 0.288874865 0.292252451 0.295670509 0.299143344 0.302392453 0.305593073 0.308517277 0.311494708 0.314235628 0.316692680 0.319218725 0.321383685 0.323545575 0.325242341 0.326902807 0.328114122 0.329152584 0.329729021 0.330098808 0.330125690 0.327620029 0.323546618 0.329229116 0.326051444 0.320994437 0.324178070   
 77 0.079949655 0.086451754 0.093478471 0.100507088 0.107725456 0.114553690 0.120833084 0.125409544 0.128560498 0.131739944 0.134822547 0.137874588 0.140923426 0.143665433 0.146728069 0.149584249 0.152512759 0.155463606 0.158517510 0.161388963 0.164172843 0.167057529 0.169915572 0.172836155 0.176019266 0.178984299 0.182038039 0.184838519 0.187825829 0.190934718 0.193939820 0.197016329 0.199892804 0.202854216 0.205840901 0.208868891 0.211865827 0.214622632 0.217322990 0.220099285 0.222645760 0.225494936 0.228058651 0.230497733 0.232834905 0.235324249 0.237439081 0.239743128 0.241905540 0.245106608 0.249479681 0.253270209 0.257192641 0.260823786 0.264674991 0.268415719 0.272178054 0.275872946 0.279511750 0.283063382 0.286367893 0.289709717 0.293102711 0.296273738 0.299394310 0.302240878 0.305136114 0.307796001 0.310173929 0.312615126 0.314698160 0.316773474 0.318388134 0.319961846 0.321090013 0.322042823 0.322537035 0.322822094 0.322764397 0.320223361 0.316143304 0.321586013 0.318363219 0.313297391 0.316263020   
 78 0.078116424 0.084471330 0.091339737 0.098210983 0.105268717 0.111946300 0.118088640 0.122566059 0.125649065 0.128760189 0.131776929 0.134764060 0.137748361 0.140432969 0.143431261 0.146227986 0.149095669 0.151985452 0.154976219 0.157788858 0.160516068 0.163342088 0.166142255 0.169003800 0.172122270 0.175027668 0.178020045 0.180764914 0.183692679 0.186739489 0.189684972 0.192700461 0.195520416 0.198423594 0.201351613 0.204320118 0.207258359 0.209961757 0.212609977 0.215332553 0.217830300 0.220624238 0.223138854 0.225531518 0.227824420 0.230266154 0.232341379 0.234601647 0.236723229 0.239863694 0.244153231 0.247871935 0.251718879 0.255279779 0.259054899 0.262720644 0.266406119 0.270024002 0.273585320 0.277059346 0.280289471 0.283553869 0.286865920 0.289958000 0.292997867 0.295766503 0.298579425 0.301158488 0.303457826 0.305814952 0.307817191 0.309807420 0.311341971 0.312831134 0.313878953 0.314749360 0.315165102 0.315369695 0.315232188 0.312662184 0.308583021 0.313789219 0.310529202 0.305463672 0.308217466   
 79 0.076231703 0.082435071 0.089140452 0.095849581 0.102741756 0.109264009 0.115264930 0.119640112 0.122652933 0.125693485 0.128642187 0.131562263 0.134479821 0.137105092 0.140036851 0.142772064 0.145576820 0.148403376 0.151328802 0.154080525 0.156749070 0.159514323 0.162254542 0.165054917 0.168106407 0.170950040 0.173878789 0.176566020 0.179432034 0.182414547 0.185298204 0.188250437 0.191011786 0.193854541 0.196721718 0.199628562 0.202505931 0.205153927 0.207748070 0.210414916 0.212862104 0.215598747 0.218062446 0.220406935 0.222653925 0.225046322 0.227080435 0.229295313 0.231374562 0.234452263 0.238655314 0.242299736 0.246068686 0.249557063 0.253253788 0.256842405 0.260448962 0.263987929 0.267469943 0.270864785 0.274019212 0.277204961 0.280434906 0.283447295 0.286405832 0.289096206 0.291826725 0.294325173 0.296546459 0.298820317 0.300743014 0.302649528 0.304105997 0.305512905 0.306483269 0.307274461 0.307615548 0.307743967 0.307531446 0.304938912 0.300868183 0.305841237 0.302552015 0.297495961 0.300044209   
 80 0.074296303 0.080343880 0.086881608 0.093423948 0.100145750 0.106508054 0.112363264 0.116633050 0.119573541 0.122541331 0.125419855 0.128270715 0.131119415 0.133683383 0.136546433 0.139218122 0.141957849 0.144719109 0.147577032 0.150265783 0.152873650 0.155576050 0.158254281 0.160991371 0.163973629 0.166753337 0.169616297 0.172243834 0.175045967 0.177961901 0.180781618 0.183668360 0.186369017 0.189149246 0.191953421 0.194796428 0.197610781 0.200201407 0.202739522 0.205348670 0.207743481 0.210420817 0.212831765 0.215126380 0.217325792 0.219667092 0.221658617 0.223826572 0.225861982 0.228874743 0.232988387 0.236556038 0.240244508 0.243658170 0.247274205 0.250783533 0.254309118 0.257767290 0.261168212 0.264482290 0.267559677 0.270665586 0.273812324 0.276744187 0.279620767 0.282232672 0.284880608 0.287298620 0.289442539 0.291633874 0.293478251 0.295302570 0.296682954 0.298009902 0.298905641 0.299620926 0.299891233 0.299947739 0.299665123 0.297056586 0.293001831 0.297745198 0.294434786 0.289397418 0.291746527   
 81 0.072311223 0.078198850 0.084564388 0.090935379 0.097482093 0.103679955 0.109385245 0.113546565 0.116412573 0.119305447 0.122111678 0.124891274 0.127669007 0.130169764 0.132962018 0.135568172 0.138240844 0.140934736 0.143722996 0.146346763 0.148891985 0.151529506 0.154143691 0.156815454 0.159726217 0.162439942 0.165234938 0.167800769 0.170536891 0.173384070 0.176137671 0.178956762 0.181594685 0.184310302 0.187049344 0.189826369 0.192575604 0.195106894 0.197587088 0.200136557 0.202477187 0.205093220 0.207449645 0.209692672 0.211842880 0.214131385 0.216078863 0.218198240 0.220188379 0.223134041 0.227155402 0.230643809 0.234249324 0.237586066 0.241119161 0.244547114 0.247989669 0.251365066 0.254683167 0.257914901 0.260913968 0.263938814 0.267001271 0.269851774 0.272645831 0.275178999 0.277744234 0.280082077 0.282149255 0.284258842 0.286026150 0.287769765 0.289076120 0.290325463 0.291149467 0.291792154 0.291995525 0.291984469 0.291636616 0.289018512 0.284987330 0.289504617 0.286181033 0.281171590 0.283328176   
 82 0.070277683 0.076001287 0.082190245 0.088385440 0.094752453 0.100781485 0.106332771 0.110382594 0.113172054 0.115987912 0.118719801 0.121426068 0.124130800 0.126566485 0.129285857 0.131824538 0.134428158 0.137052655 0.139769182 0.142325982 0.144806623 0.147377282 0.149925441 0.152529821 0.155366942 0.158012554 0.160737485 0.163239658 0.165907696 0.168683961 0.171369344 0.174118638 0.176691815 0.179340720 0.182012588 0.184721515 0.187403545 0.189873546 0.192293942 0.194781795 0.197066471 0.199619263 0.201919362 0.204109117 0.206208497 0.208442494 0.210344508 0.212413788 0.214357167 0.217233568 0.221159771 0.224566549 0.228086665 0.231344253 0.234792143 0.238136604 0.241494104 0.244784907 0.248018444 0.251166224 0.254085660 0.257028282 0.260005385 0.262773782 0.265484691 0.267938852 0.270421356 0.272679269 0.274670273 0.276698947 0.278390527 0.280054927 0.281289250 0.282463372 0.283218533 0.283791959 0.283932298 0.283858031 0.283449858 0.280828714 0.276828647 0.281123519 0.277794927 0.272822618 0.274793267   
 83 0.068197072 0.073752731 0.079760827 0.085775919 0.091958791 0.097814701 0.103208005 0.107143424 0.109854296 0.112591073 0.115246646 0.117877588 0.120507322 0.122876123 0.125520602 0.127989903 0.130522519 0.133075655 0.135718405 0.138206303 0.140620485 0.143122301 0.145602524 0.148137540 0.150898829 0.153474346 0.156127110 0.158563718 0.161161631 0.163864836 0.166479975 0.169157371 0.171663821 0.174243972 0.176846609 0.179485396 0.182098150 0.184505001 0.186863720 0.189288095 0.191515058 0.194002643 0.196244702 0.198379502 0.200426504 0.202604294 0.204459384 0.206477016 0.208372235 0.211177304 0.215005517 0.218328223 0.221760511 0.224936783 0.228297219 0.231556103 0.234826550 0.238030896 0.241178110 0.244240433 0.247078955 0.249938145 0.252828866 0.255514383 0.258141547 0.260516495 0.262916148 0.265094399 0.267009914 0.268958539 0.270575583 0.272162318 0.273326725 0.274427950 0.275117218 0.275624663 0.275705934 0.275572896 0.275109291 0.272491634 0.268530160 0.272606552 0.269280910 0.264354974 0.266146481   
 84 0.066070989 0.071454920 0.077278018 0.083108857 0.089103259 0.094781935 0.100013420 0.103831582 0.106461920 0.109117649 0.111694932 0.114248626 0.116801426 0.119101584 0.121669196 0.124067299 0.126526996 0.129006848 0.131573856 0.133990958 0.136336848 0.138767943 0.141178295 0.143642038 0.146325395 0.148828849 0.151407421 0.153776586 0.156302333 0.158930466 0.161473334 0.164076760 0.166514546 0.169024006 0.171555400 0.174122006 0.176663473 0.179005340 0.181300551 0.183659554 0.185827121 0.188247591 0.190429896 0.192508116 0.194501162 0.196621120 0.198427871 0.200392365 0.202237949 0.204969585 0.208697006 0.211933315 0.215275362 0.218368188 0.221638963 0.224810213 0.227991611 0.231107637 0.234166875 0.237142175 0.239898533 0.242673159 0.245476425 0.248078302 0.250621229 0.252916753 0.255233467 0.257332355 0.259172976 0.261042386 0.262586236 0.264096856 0.265193343 0.266224146 0.266850442 0.267295301 0.267321408 0.267133951 0.266619921 0.264012158 0.260096818 0.263958633 0.260644048 0.255773664 0.257392883   
 85 0.063901246 0.069109805 0.074743964 0.080386527 0.086188331 0.091685802 0.096751750 0.100449927 0.102997847 0.105570592 0.108067736 0.110542335 0.113016330 0.115246125 0.117734984 0.120060071 0.122445047 0.124849759 0.127339065 0.129683569 0.131959379 0.134317890 0.136656567 0.139047131 0.141650528 0.144079998 0.146582410 0.148882285 0.151333988 0.153884962 0.156353608 0.158881083 0.161248326 0.163685128 0.166143328 0.168635771 0.171104014 0.173379034 0.175608993 0.177900836 0.180007279 0.182358801 0.184479624 0.186499700 0.188437238 0.190497756 0.192254797 0.194164634 0.195959225 0.198615387 0.202239275 0.205386788 0.208636239 0.211643502 0.214822456 0.217904016 0.220994428 0.224020317 0.226989865 0.229876623 0.232549623 0.235238552 0.237953335 0.240470871 0.242928967 0.245144829 0.247378618 0.249398410 0.251164854 0.252955884 0.254427820 0.255863875 0.256894618 0.257857352 0.258423626 0.258809239 0.258784115 0.258546680 0.257987142 0.255395770 0.251534015 0.255185306 0.251889855 0.247084111 0.248538077   
 86 0.061689831 0.066719547 0.072160989 0.077611476 0.083216712 0.088529177 0.093426041 0.097001612 0.099465296 0.101953231 0.104368426 0.106762126 0.109155513 0.111313313 0.113721594 0.115971953 0.118280411 0.120608203 0.123017959 0.125288099 0.127492100 0.129776224 0.132041439 0.134357020 0.136878476 0.139232114 0.141656443 0.143885270 0.146261007 0.148732916 0.151125416 0.153574988 0.155869856 0.158232108 0.160615206 0.163031578 0.165424690 0.167631090 0.169794053 0.172016948 0.174060643 0.176341385 0.178399116 0.180359453 0.182239994 0.184239462 0.185945436 0.187799171 0.189541385 0.192120075 0.195637703 0.198694170 0.201848671 0.204768255 0.207853243 0.210843146 0.213840634 0.216774583 0.219652832 0.222449556 0.225037932 0.227640048 0.230265364 0.232697815 0.235070616 0.237206608 0.239357442 0.241298482 0.242991388 0.244704917 0.246106267 0.247469366 0.248436436 0.249333486 0.249842703 0.250172466 0.250100076 0.249817029 0.249216989 0.246648371 0.242847577 0.246292576 0.243024245 0.238292277 0.239588037   
 87 0.059438940 0.064286537 0.069531679 0.074786454 0.080191366 0.085315213 0.090039611 0.093490072 0.095867790 0.098269157 0.100600690 0.102911778 0.105222836 0.107307062 0.109633014 0.111806974 0.114037231 0.116286360 0.118614800 0.120808855 0.122939378 0.125147432 0.127337456 0.129576281 0.132013917 0.134289920 0.136634335 0.138790369 0.141088322 0.143479258 0.145793810 0.148163572 0.150384277 0.152670175 0.154976323 0.157314733 0.159630865 0.161766961 0.163861230 0.166013420 0.167992771 0.170200989 0.172194034 0.174093083 0.175915152 0.177852049 0.179505602 0.181301787 0.182990313 0.185489550 0.188898310 0.191861391 0.194918707 0.197748572 0.200737432 0.203633726 0.206536397 0.209376678 0.212161958 0.214867219 0.217369750 0.219883993 0.222418904 0.224765584 0.227052540 0.229108527 0.231176391 0.233038947 0.234659046 0.236295953 0.237628043 0.238919765 0.239825249 0.240659088 0.241114184 0.241391450 0.241275713 0.240951493 0.240315884 0.237776428 0.234043881 0.237286910 0.234053701 0.229404509 0.230549246   
 88 0.057150982 0.061813369 0.066858828 0.071914501 0.077115536 0.082047343 0.086596072 0.089919053 0.092209153 0.094522290 0.096768528 0.098995365 0.101222456 0.103231601 0.105473548 0.107569546 0.109719962 0.111888796 0.114134200 0.116250552 0.118306011 0.120436311 0.122549511 0.124709904 0.127061874 0.129258513 0.131521240 0.133602828 0.135821253 0.138129398 0.140364200 0.142652363 0.144797176 0.147004947 0.149232388 0.151491031 0.153728396 0.155792490 0.157816440 0.159896255 0.161809713 0.163943678 0.165870458 0.167706758 0.169468910 0.171341732 0.172941580 0.174678847 0.176312342 0.178730205 0.182027489 0.184894994 0.187852859 0.190590978 0.193481684 0.196282402 0.199088410 0.201833293 0.204524040 0.207136407 0.209551945 0.211977243 0.214420781 0.216681004 0.218881667 0.220857486 0.222842380 0.224626809 0.226174787 0.227735981 0.229000166 0.230222076 0.231068105 0.231841117 0.232245058 0.232473210 0.232318059 0.231957063 0.231290847 0.228786841 0.225129783 0.228175327 0.224985123 0.220427632 0.221428633   
 89 0.054828536 0.059302840 0.064145491 0.068998843 0.073992692 0.078729272 0.083099313 0.086292587 0.088493526 0.090716854 0.092876256 0.095017307 0.097158872 0.099091500 0.101247877 0.103264399 0.105333433 0.107420400 0.109581143 0.111618236 0.113597110 0.115648091 0.117682889 0.119763248 0.122027807 0.124143437 0.126322761 0.128328338 0.130465537 0.132689133 0.134842485 0.137047306 0.139114588 0.141242519 0.143389523 0.145566687 0.147723541 0.149714038 0.151666075 0.153671905 0.155517951 0.157576025 0.159435034 0.161207139 0.162907988 0.164715260 0.166260138 0.167937115 0.169514313 0.171848938 0.175032213 0.177801952 0.180658177 0.183302566 0.186093107 0.188796356 0.191503897 0.194151700 0.196746349 0.199264437 0.201591834 0.203927130 0.206278384 0.208451524 0.210565433 0.212460965 0.214362919 0.216069594 0.217546135 0.219032541 0.220230147 0.221383855 0.222172514 0.222887158 0.223242894 0.223425299 0.223234653 0.222841278 0.222149387 0.219687060 0.216112658 0.218965232 0.215825915 0.211368963 0.212233603   
 90 0.052474402 0.056757975 0.061394911 0.066043019 0.070826590 0.075364970 0.079553522 0.082615003 0.084725343 0.086857378 0.088928491 0.090982310 0.093036897 0.094891675 0.096960977 0.098896615 0.100882798 0.102886423 0.104960971 0.106917344 0.108818188 0.110788353 0.112743244 0.114742018 0.116917528 0.118950568 0.121044882 0.122972913 0.125027299 0.127164677 0.129234955 0.131354764 0.133342922 0.135389403 0.137454331 0.139548331 0.141623035 0.143538386 0.145416975 0.147347286 0.149124458 0.151105046 0.152894810 0.154601306 0.156239539 0.157979846 0.159468517 0.161083877 0.162603542 0.164853081 0.167919934 0.170589760 0.173342213 0.175890937 0.178579330 0.181183293 0.183790594 0.186339647 0.188836724 0.191259146 0.193497285 0.195741609 0.197999701 0.200085133 0.202111855 0.203926936 0.205746025 0.207375288 0.208781138 0.210193679 0.211326048 0.212413192 0.213146582 0.213805288 0.214115754 0.214255765 0.214033529 0.213612139 0.212899491 0.210485011 0.207000256 0.209664613 0.206583962 0.202236235 0.202971995   
 91 0.050091565 0.054182000 0.058610588 0.063050754 0.067621246 0.071958691 0.075963177 0.078890927 0.080909319 0.082948707 0.084930189 0.086895436 0.088861682 0.090637349 0.092618182 0.094471611 0.096373588 0.098292485 0.100279383 0.102153651 0.103975102 0.105863035 0.107736625 0.109652370 0.111737259 0.113686234 0.115694001 0.117543057 0.119513087 0.121562690 0.123548329 0.125581533 0.127489075 0.129452541 0.131433830 0.133443087 0.135434061 0.137272775 0.139076471 0.140929744 0.142636642 0.144538224 0.146257371 0.147896916 0.149471208 0.151143178 0.152574435 0.154126942 0.155587867 0.157750562 0.160698593 0.163266465 0.165913060 0.168364227 0.170948535 0.173451409 0.175956741 0.178405479 0.180803493 0.183128923 0.185276717 0.187429100 0.189593181 0.191590309 0.193529442 0.195263997 0.197000265 0.198552519 0.199888393 0.201228008 0.202296495 0.203318685 0.203998908 0.204604089 0.204872206 0.204973191 0.204723269 0.204278216 0.203549683 0.201189116 0.197800890 0.200281903 0.197267592 0.193037689 0.193652123   
 92 0.047683217 0.051578369 0.055796240 0.060026046 0.064380914 0.068514951 0.072333016 0.075125284 0.077050507 0.078995995 0.080886617 0.082762048 0.084638692 0.086334087 0.088225171 0.089995153 0.091811650 0.093644522 0.095542453 0.097333319 0.099074110 0.100878492 0.102669433 0.104500808 0.106493607 0.108357109 0.110276893 0.112045616 0.113929868 0.115890168 0.117789730 0.119734839 0.121560328 0.123439312 0.125335485 0.127258480 0.129164219 0.130924910 0.132652298 0.134427100 0.136062428 0.137883544 0.139530718 0.141102016 0.142611101 0.144213453 0.145586148 0.147074565 0.148475587 0.150549710 0.153376654 0.155840531 0.158379257 0.160731018 0.163209394 0.165609434 0.168011144 0.170357987 0.172655508 0.174882695 0.176939085 0.178998590 0.181067839 0.182976097 0.184827283 0.186481223 0.188134789 0.189610407 0.190877050 0.192144692 0.193150640 0.194109499 0.194738656 0.195292741 0.195521429 0.195586696 0.195312917 0.194848552 0.194108993 0.191808313 0.188523412 0.190826014 0.187885657 0.183782011 0.184282750   
 93 0.045252744 0.048950735 0.052955814 0.056973130 0.061110131 0.065038569 0.068668097 0.071323305 0.073154248 0.075004704 0.076803349 0.078587823 0.080373742 0.081987791 0.083787948 0.085473359 0.087203197 0.088948868 0.090756580 0.092462853 0.094121806 0.095841415 0.097548485 0.099294208 0.101193570 0.102970310 0.104800753 0.106487863 0.108284995 0.110154621 0.111966729 0.113822341 0.115564421 0.117357552 0.119167201 0.121002533 0.122821622 0.124502920 0.126152709 0.127847716 0.129410148 0.131149426 0.132723331 0.134225145 0.135667861 0.137199327 0.138512358 0.139935493 0.141275495 0.143259406 0.145963043 0.148320988 0.150749892 0.153000459 0.155371100 0.157666609 0.159963071 0.162206545 0.164402187 0.166529909 0.168493882 0.170459583 0.172433242 0.174252093 0.176014975 0.177588224 0.179159209 0.180558637 0.181756765 0.182953402 0.183898196 0.184795335 0.185375497 0.185880914 0.186073080 0.186105922 0.185812145 0.185332730 0.184586942 0.182352036 0.179177061 0.181306407 0.178447455 0.174478337 0.174873099   
 94 0.042803731 0.046302974 0.050093491 0.053896483 0.057813682 0.061534602 0.064973757 0.067490481 0.069226168 0.070980594 0.072686255 0.074378781 0.076072931 0.077604689 0.079312861 0.080912672 0.082554802 0.084212177 0.085928559 0.087549135 0.089125164 0.090758868 0.092380948 0.094039865 0.095844530 0.097533301 0.099273175 0.100877501 0.102586254 0.104363911 0.106087282 0.107852086 0.109509513 0.111215487 0.112937301 0.114683658 0.116414763 0.118015431 0.119586349 0.121200271 0.122688636 0.124344766 0.125844210 0.127275363 0.128650531 0.130109951 0.131362244 0.132718980 0.133996889 0.135889024 0.138467222 0.140717342 0.143034533 0.145182192 0.147443354 0.149632707 0.151822358 0.153961018 0.156053454 0.158080503 0.159951076 0.161822140 0.163699463 0.165428415 0.167102665 0.168595210 0.170083717 0.171407387 0.172537759 0.173664376 0.174549341 0.175386414 0.175919637 0.176378801 0.176537305 0.176541030 0.176231012 0.175740823 0.174993590 0.172830179 0.169771582 0.171732917 0.168962747 0.165136263 0.165432855   
 95 0.040339965 0.043639161 0.047213666 0.050800826 0.054496612 0.058008399 0.061255597 0.063632645 0.065272219 0.066929743 0.068541549 0.070141248 0.071742743 0.073191337 0.074806578 0.076319881 0.077873372 0.079441473 0.081065506 0.082599424 0.084091544 0.085638329 0.087174378 0.088745430 0.090454265 0.092053972 0.093702152 0.095222585 0.096841827 0.098526329 0.100159794 0.101832591 0.103404202 0.105021834 0.106654607 0.108310729 0.109952629 0.111471482 0.112962388 0.114494026 0.115907185 0.117478944 0.118902758 0.120262161 0.121568725 0.122954942 0.124145471 0.125434756 0.126649544 0.128448382 0.130899146 0.133039623 0.135243297 0.137286365 0.139436379 0.141518012 0.143599331 0.145631790 0.147619784 0.149545014 0.151321247 0.153096840 0.154877126 0.156515703 0.158101052 0.159512863 0.160919085 0.162167400 0.163230792 0.164288372 0.165114880 0.165893495 0.166381881 0.166797146 0.166924849 0.166902706 0.166580215 0.166083440 0.165339485 0.163253188 0.160317257 0.162115991 0.159441814 0.155765876 0.155972168   
 96 0.037865434 0.040963598 0.044320986 0.047691137 0.051164225 0.054465581 0.057519525 0.059755895 0.061298657 0.062858544 0.064375766 0.065881871 0.067389935 0.068754636 0.070276134 0.071702138 0.073166139 0.074644133 0.076174937 0.077621318 0.079028651 0.080487616 0.081936717 0.083418958 0.085030958 0.086540602 0.088096060 0.089531630 0.091060318 0.092650592 0.094193086 0.095772773 0.097257495 0.098785691 0.100328311 0.101893067 0.103444643 0.104880594 0.106290385 0.107738644 0.109075524 0.110561781 0.111908928 0.113195509 0.114432439 0.115744412 0.116872229 0.118093044 0.119243748 0.120947845 0.123269238 0.125298336 0.127386779 0.129323661 0.131360903 0.133333296 0.135304898 0.137229815 0.139112115 0.140934452 0.142615452 0.144294783 0.145977423 0.147525176 0.149021357 0.150352448 0.151676565 0.152850032 0.153847173 0.154836699 0.155606091 0.156327918 0.156773478 0.157147259 0.157246962 0.157202169 0.156870916 0.156371713 0.155635700 0.153631985 0.150824830 0.152466476 0.149895370 0.146377683 0.146501631   
 97 0.035384309 0.038280793 0.041420311 0.044572622 0.047822092 0.050912049 0.053771738 0.055866636 0.057312027 0.058773682 0.060195722 0.061607625 0.063021630 0.064301811 0.065728888 0.067066908 0.068440728 0.069827892 0.071264707 0.072622783 0.073944591 0.075314932 0.076676279 0.078068875 0.079583146 0.081001870 0.082463697 0.083813533 0.085250735 0.086745821 0.088196389 0.089681983 0.091078848 0.092516623 0.093968093 0.095440462 0.096900664 0.098252721 0.099580407 0.100944266 0.102203898 0.103603616 0.104873076 0.106085874 0.107252225 0.108488955 0.109553136 0.110704534 0.111790255 0.113398261 0.115588471 0.117504530 0.119476065 0.121305220 0.123228185 0.125089914 0.126950413 0.128766537 0.130541980 0.132260412 0.133845285 0.135427654 0.137012005 0.138468564 0.139875367 0.141125739 0.142367974 0.143467054 0.144398749 0.145321235 0.146034867 0.146701470 0.147106260 0.147440895 0.147515386 0.147451162 0.147114798 0.146617264 0.145893782 0.143978000 0.141305491 0.142795771 0.140334636 0.136982694 0.137032300   
 98 0.032900974 0.035595480 0.038516730 0.041450739 0.044476032 0.047353972 0.050018720 0.051971573 0.053319167 0.054682165 0.056008566 0.057325795 0.058645234 0.059840403 0.061172526 0.062422015 0.063705072 0.065000810 0.066343017 0.067612171 0.068847790 0.070128843 0.071401753 0.072703995 0.074119791 0.075446829 0.076814249 0.078077562 0.079422489 0.080821551 0.082179345 0.083569996 0.084878154 0.086224616 0.087584026 0.088963114 0.090331018 0.091598272 0.092842951 0.094121493 0.095302969 0.096615210 0.097806074 0.098944202 0.100039057 0.101199657 0.102199353 0.103280455 0.104300313 0.105810940 0.107868269 0.109669708 0.111522794 0.113242745 0.115049988 0.116799675 0.118547782 0.120253898 0.121921413 0.123534940 0.125022918 0.126507610 0.127993122 0.129358113 0.130675375 0.131845072 0.133005679 0.134030864 0.134897873 0.135754317 0.136413544 0.137026593 0.137392581 0.137690425 0.137742475 0.137661934 0.137324050 0.136832252 0.136125818 0.134303138 0.131770998 0.133115694 0.130771294 0.127592370 0.127575725   
 99 0.030420007 0.032912582 0.035615567 0.038331185 0.041132141 0.043797784 0.046267226 0.048077691 0.049327247 0.050591309 0.051821768 0.053043999 0.054268528 0.055378307 0.056615084 0.057775628 0.058967497 0.060171336 0.061418448 0.062598184 0.063747101 0.064938307 0.066122219 0.067333519 0.068650223 0.069884948 0.071157321 0.072333455 0.073585413 0.074887745 0.076152049 0.077447012 0.078665704 0.079920098 0.081186675 0.082471676 0.083746485 0.084928133 0.086088993 0.087281384 0.088383906 0.089607812 0.090719253 0.091781870 0.092804439 0.093888067 0.094822474 0.095832467 0.096785657 0.098197728 0.100120604 0.101805933 0.103539072 0.105148435 0.106838584 0.108474955 0.110109426 0.111704417 0.113262981 0.114770710 0.116161004 0.117547385 0.118933558 0.120206662 0.121434212 0.122523330 0.123602554 0.124554358 0.125357479 0.126148909 0.126755044 0.127316147 0.127645358 0.127908707 0.127941027 0.127847284 0.127511442 0.127029344 0.126344413 0.124619834 0.122233495 0.123438619 0.121217512 0.118218593 0.118143842   
100 0.027946185 0.030237254 0.032722365 0.035219900 0.037796747 0.040250205 0.042524304 0.044192292 0.045343716 0.046508729 0.047643106 0.048770163 0.049899589 0.050923750 0.052064929 0.053136252 0.054236628 0.055348255 0.056499936 0.057589874 0.058651689 0.059752654 0.060847130 0.061967026 0.063184172 0.064326093 0.065502889 0.066591315 0.067749739 0.068954766 0.070124991 0.071323648 0.072452262 0.073613942 0.074787021 0.075977251 0.077158272 0.078253619 0.079329953 0.080435485 0.081458315 0.082593136 0.083624423 0.084610797 0.085560329 0.086566240 0.087434620 0.088372745 0.089258537 0.090570949 0.092357896 0.093925707 0.095537536 0.097035006 0.098606773 0.100128606 0.101648323 0.103131130 0.104579762 0.105980836 0.107272759 0.108560234 0.109846614 0.111027554 0.112165287 0.113173924 0.114172049 0.115051016 0.115791015 0.116518475 0.117072865 0.117583632 0.117877997 0.118109167 0.118124411 0.118020527 0.117690183 0.117221698 0.116562657 0.114941001 0.112705693 0.113777362 0.111685902 0.108873762 0.108749114   
101 0.025484484 0.027574861 0.029842904 0.032123081 0.034476466 0.036718231 0.038797308 0.040322956 0.041376334 0.042442355 0.043480668 0.044512548 0.045546830 0.046485268 0.047530770 0.048512738 0.049521472 0.050540715 0.051596772 0.052596681 0.053571135 0.054581575 0.055586312 0.056614496 0.057731751 0.058780506 0.059861351 0.060861647 0.061926126 0.063033409 0.064109087 0.065210961 0.066248983 0.067317426 0.068396471 0.069491386 0.070578046 0.071586497 0.072577700 0.073595747 0.074538261 0.075583376 0.076533854 0.077443324 0.078319162 0.079246677 0.080048360 0.080913953 0.081731677 0.082943417 0.084593102 0.086042091 0.087531328 0.088915661 0.090367854 0.091774032 0.093177922 0.094547562 0.095885381 0.097179018 0.098371893 0.099559940 0.100746125 0.101834662 0.102882512 0.103810787 0.104728162 0.105534822 0.106212489 0.106877014 0.107380979 0.107843019 0.108104467 0.108305715 0.108306527 0.108195506 0.107874073 0.107423022 0.106794134 0.105280049 0.103200763 0.104145251 0.102189615 0.099570706 0.099404432   
102 0.023040075 0.024930976 0.026983194 0.029047156 0.031178163 0.033209123 0.035093851 0.036477577 0.037433162 0.038400427 0.039342865 0.040279716 0.041218989 0.042071756 0.043021653 0.043914285 0.044831373 0.045758206 0.046718609 0.047628403 0.048515368 0.049435150 0.050349977 0.051286269 0.052303471 0.053258840 0.054243498 0.055155378 0.056125626 0.057134874 0.058115672 0.059120420 0.060067475 0.061042286 0.062026896 0.063026063 0.064017937 0.064939007 0.065844573 0.066774644 0.067636296 0.068591185 0.069460295 0.070292294 0.071093850 0.071942396 0.072676778 0.073469244 0.074218296 0.075328447 0.076839663 0.078168616 0.079534091 0.080804124 0.082135662 0.083425134 0.084712222 0.085967802 0.087193988 0.088379472 0.089472696 0.090560824 0.091646470 0.092642412 0.093600355 0.094448432 0.095285386 0.096020311 0.096636452 0.097239077 0.097693928 0.098108836 0.098339282 0.098512828 0.098501779 0.098386571 0.098077387 0.097647533 0.097052999 0.095650911 0.093732350 0.094556086 0.092742212 0.090322740 0.090123147   
103 0.020618334 0.022311388 0.024149466 0.025998797 0.027908957 0.029730424 0.031421851 0.032664325 0.033522561 0.034391489 0.035238419 0.036080576 0.036925133 0.037692424 0.038546961 0.039350417 0.040176019 0.041010581 0.041875452 0.042695194 0.043494690 0.044323817 0.045148723 0.045993082 0.046910230 0.047772136 0.048660528 0.049483832 0.050359700 0.051270772 0.052156508 0.053063937 0.053919766 0.054800689 0.055690587 0.056593731 0.057490487 0.058323819 0.059143376 0.059985071 0.060765434 0.061629683 0.062416982 0.063171022 0.063897803 0.064666890 0.065333433 0.066052251 0.066732086 0.067739852 0.069111541 0.070319340 0.071559981 0.072714649 0.073924534 0.075096339 0.076265745 0.077406436 0.078520261 0.079596937 0.080589965 0.081577756 0.082562573 0.083465770 0.084333815 0.085101873 0.085858800 0.086522564 0.087077968 0.087619752 0.088026784 0.088396147 0.088597462 0.088745520 0.088725142 0.088608630 0.088314936 0.087909952 0.087353840 0.086067989 0.084314607 0.085024171 0.083357774 0.081143618 0.080919079   
104 0.018224828 0.019722095 0.021348182 0.022984928 0.024676226 0.026289942 0.027789509 0.028891686 0.029653201 0.030424399 0.031176366 0.031924333 0.032674652 0.033356816 0.034116410 0.034831017 0.035565451 0.036308035 0.037077680 0.037807580 0.038519766 0.039258409 0.039993513 0.040746067 0.041563317 0.042331833 0.043124028 0.043858740 0.044640239 0.045453135 0.046243772 0.047053836 0.047818314 0.048605233 0.049400285 0.050207250 0.051008727 0.051754083 0.052487351 0.053240400 0.053939141 0.054712471 0.055417601 0.056093309 0.056744885 0.057434127 0.058032360 0.058677096 0.059287254 0.060191918 0.061423156 0.062508807 0.063623644 0.064661995 0.065749310 0.066802599 0.067853510 0.068878584 0.069879383 0.070846684 0.071739025 0.072626106 0.073509879 0.074320234 0.075098448 0.075786680 0.076463982 0.077057205 0.077552676 0.078034662 0.078395180 0.078720570 0.078894585 0.079019316 0.078992061 0.078877084 0.078602061 0.078225508 0.077711813 0.076546215 0.074962154 0.075564280 0.074050851 0.072047561 0.071806483   
105 0.015865330 0.017169317 0.018586043 0.020012714 0.021487625 0.022895770 0.024205310 0.025168428 0.025834048 0.026508324 0.027166057 0.027820526 0.028477261 0.029074809 0.029740060 0.030366313 0.031010062 0.031661130 0.032336012 0.032976449 0.033601638 0.034250114 0.034895703 0.035556726 0.036274403 0.036949769 0.037646003 0.038292244 0.038979523 0.039694414 0.040390056 0.041102856 0.041776020 0.042468954 0.043169163 0.043879960 0.044586118 0.045243375 0.045890208 0.046554465 0.047171358 0.047853611 0.048476327 0.049073406 0.049649466 0.050258566 0.050788101 0.051358398 0.051898487 0.052699462 0.053789467 0.054752067 0.055740260 0.056661405 0.057625368 0.058559366 0.059491087 0.060399897 0.061287098 0.062144540 0.062935755 0.063721821 0.064504385 0.065221839 0.065910324 0.066518985 0.067117110 0.067640379 0.068076722 0.068499982 0.068815261 0.069098234 0.069246747 0.069350280 0.069318570 0.069207869 0.068954609 0.068609960 0.068142556 0.067100972 0.065690108 0.066191696 0.064836442 0.063049249 0.062800109   
106 0.013545802 0.014659478 0.015869960 0.017089559 0.018351048 0.019556267 0.020678030 0.021503620 0.022074375 0.022652730 0.023217164 0.023779014 0.024343008 0.024856612 0.025428306 0.025966862 0.026520586 0.027080778 0.027661545 0.028213054 0.028751716 0.029310504 0.029867023 0.030436942 0.031055568 0.031638164 0.032238830 0.032796875 0.033390250 0.034007471 0.034608386 0.035224188 0.035806198 0.036405317 0.037010849 0.037625618 0.038236577 0.038805746 0.039366104 0.039941553 0.040476490 0.041067634 0.041607801 0.042126060 0.042626370 0.043155134 0.043615654 0.044111252 0.044580959 0.045277759 0.046225909 0.047064684 0.047925498 0.048728663 0.049568586 0.050382629 0.051194556 0.051986542 0.052759662 0.053506814 0.054196537 0.054881353 0.055562604 0.056187157 0.056786068 0.057315420 0.057834838 0.058288801 0.058666814 0.059032418 0.059303708 0.059545822 0.059670590 0.059755016 0.059721190 0.059617467 0.059388943 0.059079584 0.058662217 0.057748199 0.056514066 0.056922175 0.055730067 0.054163851 0.053915143   
107 0.011272415 0.012199222 0.013207087 0.014223117 0.015274659 0.016280068 0.017216725 0.017906627 0.018383751 0.018867407 0.019339666 0.019809969 0.020282263 0.020712769 0.021191880 0.021643573 0.022108110 0.022578238 0.023065722 0.023529010 0.023981778 0.024451528 0.024919573 0.025398996 0.025919257 0.026409646 0.026915316 0.027385583 0.027885532 0.028405581 0.028912196 0.029431429 0.029922597 0.030428231 0.030939387 0.031458434 0.031974457 0.032455679 0.032929670 0.033416420 0.033869404 0.034369539 0.034827132 0.035266493 0.035690919 0.036139261 0.036530532 0.036951251 0.037350349 0.037942600 0.038748432 0.039462712 0.040195547 0.040880051 0.041595358 0.042288881 0.042980507 0.043655217 0.044313855 0.044950385 0.045538314 0.046121698 0.046701606 0.047233313 0.047742836 0.048193183 0.048634391 0.049019709 0.049340200 0.049649209 0.049877767 0.050080549 0.050183292 0.050250649 0.050216991 0.050122857 0.049921967 0.049651157 0.049287457 0.048504297 0.047450118 0.047771957 0.046747681 0.045406953 0.045167234   
108 0.009051530 0.009795400 0.010604803 0.011421285 0.012266881 0.013076082 0.013830747 0.014387109 0.014772057 0.015162438 0.015543855 0.015923893 0.016305722 0.016654151 0.017041851 0.017407697 0.017784068 0.018165128 0.018560352 0.018936299 0.019303970 0.019685501 0.020065850 0.020455543 0.020878326 0.021277238 0.021688649 0.022071715 0.022478888 0.022902440 0.023315346 0.023738608 0.024139402 0.024552034 0.024969287 0.025393069 0.025814574 0.026208131 0.026595991 0.026994284 0.027365433 0.027774805 0.028149918 0.028510399 0.028858902 0.029226841 0.029548705 0.029894473 0.030222813 0.030710263 0.031373475 0.031962719 0.032567091 0.033132363 0.033722602 0.034295145 0.034866072 0.035423141 0.035966985 0.036492642 0.036978539 0.037460387 0.037938986 0.038377952 0.038798328 0.039169997 0.039533544 0.039850879 0.040114652 0.040368151 0.040555201 0.040720169 0.040802561 0.040854853 0.040823568 0.040741559 0.040571090 0.040341988 0.040035453 0.039386176 0.038514834 0.038757794 0.037905745 0.036794633 0.036572475   
109 0.006889712 0.007455081 0.008070714 0.008692202 0.009336392 0.009953491 0.010529729 0.010955026 0.011249465 0.011548227 0.011840347 0.012131603 0.012424415 0.012691963 0.012989626 0.013270826 0.013560240 0.013853421 0.014157599 0.014447266 0.014730809 0.015025119 0.015318713 0.015619631 0.015946008 0.016254347 0.016572427 0.016869031 0.017184241 0.017512158 0.017832113 0.018160176 0.018471222 0.018791497 0.019115476 0.019444620 0.019772189 0.020078501 0.020380590 0.020690821 0.020980375 0.021299368 0.021592213 0.021873947 0.022146599 0.022434263 0.022686653 0.022957481 0.023215001 0.023597522 0.024117984 0.024581775 0.025057334 0.025502903 0.025967738 0.026418954 0.026868887 0.027308056 0.027736891 0.028151518 0.028535215 0.028915484 0.029292881 0.029639261 0.029970795 0.030264147 0.030550601 0.030800641 0.031008504 0.031207567 0.031354327 0.031482965 0.031546641 0.031585816 0.031559043 0.031491611 0.031354241 0.031169878 0.030923875 0.030411247 0.029725282 0.029896898 0.029221175 0.028343432 0.028147448   
110 0.004793722 0.005185543 0.005612655 0.006044254 0.006492137 0.006921757 0.007323591 0.007620629 0.007826461 0.008035481 0.008240067 0.008444241 0.008649688 0.008837739 0.009046951 0.009244894 0.009448756 0.009655440 0.009869990 0.010074624 0.010275182 0.010483449 0.010691413 0.010904685 0.011135932 0.011354788 0.011580648 0.011791692 0.012015931 0.012249254 0.012477202 0.012711016 0.012933101 0.013161829 0.013393331 0.013628634 0.013863008 0.014082643 0.014299474 0.014522168 0.014730495 0.014959640 0.015170553 0.015373791 0.015570758 0.015778394 0.015961327 0.016157327 0.016344054 0.016621649 0.016999396 0.017337441 0.017683979 0.018009495 0.018348707 0.018678360 0.019007120 0.019328231 0.019641947 0.019945459 0.020226864 0.020505583 0.020781960 0.021035966 0.021279005 0.021494435 0.021704398 0.021887852 0.022040619 0.022186330 0.022293985 0.022387773 0.022434313 0.022462269 0.022442065 0.022391578 0.022289880 0.022153169 0.021970913 0.021597417 0.021098999 0.021206990 0.020711381 0.020070337 0.019909171   
111 0.002770519 0.002994279 0.003238691 0.003486067 0.003743314 0.003990607 0.004222542 0.004394467 0.004513823 0.004635216 0.004754256 0.004873265 0.004993221 0.005103346 0.005225908 0.005342180 0.005462094 0.005583863 0.005710407 0.005831443 0.005950344 0.006073934 0.006197574 0.006324517 0.006462119 0.006592761 0.006727703 0.006854260 0.006988710 0.007128670 0.007265728 0.007406426 0.007540507 0.007678673 0.007818670 0.007961095 0.008103190 0.008236865 0.008369086 0.008504923 0.008632522 0.008772495 0.008901946 0.009027047 0.009148612 0.009276585 0.009390165 0.009511557 0.009627605 0.009800406 0.010035655 0.010247801 0.010465238 0.010670459 0.010883966 0.011091935 0.011299458 0.011502460 0.011701041 0.011893458 0.012072545 0.012249820 0.012425430 0.012587338 0.012742280 0.012880215 0.013014330 0.013131923 0.013230396 0.013323841 0.013393561 0.013453955 0.013484890 0.013503475 0.013491819 0.013460553 0.013396975 0.013310699 0.013195266 0.012963092 0.012654020 0.012706265 0.012394236 0.011992807 0.011875127   
112 0.000827262 0.000888995 0.000957115 0.001026514 0.001099383 0.001170049 0.001237077 0.001287387 0.001322639 0.001358759 0.001394468 0.001430456 0.001467016 0.001500985 0.001538916 0.001575305 0.001613081 0.001651721 0.001692096 0.001731163 0.001769917 0.001810390 0.001851201 0.001893324 0.001938973 0.001982868 0.002028390 0.002071708 0.002117734 0.002165760 0.002213232 0.002262140 0.002309343 0.002358108 0.002407746 0.002458442 0.002509344 0.002557929 0.002606339 0.002656149 0.002703649 0.002755288 0.002803872 0.002851320 0.002897871 0.002946667 0.002991093 0.003038199 0.003083775 0.003152050 0.003245203 0.003331429 0.003419834 0.003504639 0.003592484 0.003678767 0.003765105 0.003850061 0.003933595 0.004015029 0.004091850 0.004167862 0.004243034 0.004313175 0.004380476 0.004441379 0.004500320 0.004552797 0.004597784 0.004640049 0.004672984 0.004701412 0.004718221 0.004729226 0.004728015 0.004718150 0.004695021 0.004661829 0.004616138 0.004527178 0.004408862 0.004413412 0.004288096 0.004128757 0.004063257   
113 0.000000000 0.000000000 0.000000000 0.000000000 0.000000000 0.000000000 0.000000000 0.000000000 0.000000000 0.000000000 0.000000000 0.000000000 0.000000000 0.000000000 0.000000000 0.000000000 0.000000000 0.000000000 0.000000000 0.000000000 0.000000000 0.000000000 0.000000000 0.000000000 0.000000000 0.000000000 0.000000000 0.000000000 0.000000000 0.000000000 0.000000000 0.000000000 0.000000000 0.000000000 0.000000000 0.000000000 0.000000000 0.000000000 0.000000000 0.000000000 0.000000000 0.000000000 0.000000000 0.000000000 0.000000000 0.000000000 0.000000000 0.000000000 0.000000000 0.000000000 0.000000000 0.000000000 0.000000000 0.000000000 0.000000000 0.000000000 0.000000000 0.000000000 0.000000000 0.000000000 0.000000000 0.000000000 0.000000000 0.000000000 0.000000000 0.000000000 0.000000000 0.000000000 0.000000000 0.000000000 0.000000000 0.000000000 0.000000000 0.000000000 0.000000000 0.000000000 0.000000000 0.000000000 0.000000000 0.000000000 0.000000000 0.000000000 0.000000000 0.000000000 0.000000000   
114 0.000000000 0.000000000 0.000000000 0.000000000 0.000000000 0.000000000 0.000000000 0.000000000 0.000000000 0.000000000 0.000000000 0.000000000 0.000000000 0.000000000 0.000000000 0.000000000 0.000000000 0.000000000 0.000000000 0.000000000 0.000000000 0.000000000 0.000000000 0.000000000 0.000000000 0.000000000 0.000000000 0.000000000 0.000000000 0.000000000 0.000000000 0.000000000 0.000000000 0.000000000 0.000000000 0.000000000 0.000000000 0.000000000 0.000000000 0.000000000 0.000000000 0.000000000 0.000000000 0.000000000 0.000000000 0.000000000 0.000000000 0.000000000 0.000000000 0.000000000 0.000000000 0.000000000 0.000000000 0.000000000 0.000000000 0.000000000 0.000000000 0.000000000 0.000000000 0.000000000 0.000000000 0.000000000 0.000000000 0.000000000 0.000000000 0.000000000 0.000000000 0.000000000 0.000000000 0.000000000 0.000000000 0.000000000 0.000000000 0.000000000 0.000000000 0.000000000 0.000000000 0.000000000 0.000000000 0.000000000 0.000000000 0.000000000 0.000000000 0.000000000 0.000000000   
115 0.000000000 0.000000000 0.000000000 0.000000000 0.000000000 0.000000000 0.000000000 0.000000000 0.000000000 0.000000000 0.000000000 0.000000000 0.000000000 0.000000000 0.000000000 0.000000000 0.000000000 0.000000000 0.000000000 0.000000000 0.000000000 0.000000000 0.000000000 0.000000000 0.000000000 0.000000000 0.000000000 0.000000000 0.000000000 0.000000000 0.000000000 0.000000000 0.000000000 0.000000000 0.000000000 0.000000000 0.000000000 0.000000000 0.000000000 0.000000000 0.000000000 0.000000000 0.000000000 0.000000000 0.000000000 0.000000000 0.000000000 0.000000000 0.000000000 0.000000000 0.000000000 0.000000000 0.000000000 0.000000000 0.000000000 0.000000000 0.000000000 0.000000000 0.000000000 0.000000000 0.000000000 0.000000000 0.000000000 0.000000000 0.000000000 0.000000000 0.000000000 0.000000000 0.000000000 0.000000000 0.000000000 0.000000000 0.000000000 0.000000000 0.000000000 0.000000000 0.000000000 0.000000000 0.000000000 0.000000000 0.000000000 0.000000000 0.000000000 0.000000000 0.000000000   
116 0.000000000 0.000000000 0.000000000 0.000000000 0.000000000 0.000000000 0.000000000 0.000000000 0.000000000 0.000000000 0.000000000 0.000000000 0.000000000 0.000000000 0.000000000 0.000000000 0.000000000 0.000000000 0.000000000 0.000000000 0.000000000 0.000000000 0.000000000 0.000000000 0.000000000 0.000000000 0.000000000 0.000000000 0.000000000 0.000000000 0.000000000 0.000000000 0.000000000 0.000000000 0.000000000 0.000000000 0.000000000 0.000000000 0.000000000 0.000000000 0.000000000 0.000000000 0.000000000 0.000000000 0.000000000 0.000000000 0.000000000 0.000000000 0.000000000 0.000000000 0.000000000 0.000000000 0.000000000 0.000000000 0.000000000 0.000000000 0.000000000 0.000000000 0.000000000 0.000000000 0.000000000 0.000000000 0.000000000 0.000000000 0.000000000 0.000000000 0.000000000 0.000000000 0.000000000 0.000000000 0.000000000 0.000000000 0.000000000 0.000000000 0.000000000 0.000000000 0.000000000 0.000000000 0.000000000 0.000000000 0.000000000 0.000000000 0.000000000 0.000000000 0.000000000   
117 0.000000000 0.000000000 0.000000000 0.000000000 0.000000000 0.000000000 0.000000000 0.000000000 0.000000000 0.000000000 0.000000000 0.000000000 0.000000000 0.000000000 0.000000000 0.000000000 0.000000000 0.000000000 0.000000000 0.000000000 0.000000000 0.000000000 0.000000000 0.000000000 0.000000000 0.000000000 0.000000000 0.000000000 0.000000000 0.000000000 0.000000000 0.000000000 0.000000000 0.000000000 0.000000000 0.000000000 0.000000000 0.000000000 0.000000000 0.000000000 0.000000000 0.000000000 0.000000000 0.000000000 0.000000000 0.000000000 0.000000000 0.000000000 0.000000000 0.000000000 0.000000000 0.000000000 0.000000000 0.000000000 0.000000000 0.000000000 0.000000000 0.000000000 0.000000000 0.000000000 0.000000000 0.000000000 0.000000000 0.000000000 0.000000000 0.000000000 0.000000000 0.000000000 0.000000000 0.000000000 0.000000000 0.000000000 0.000000000 0.000000000 0.000000000 0.000000000 0.000000000 0.000000000 0.000000000 0.000000000 0.000000000 0.000000000 0.000000000 0.000000000 0.000000000   
118 0.000000000 0.000000000 0.000000000 0.000000000 0.000000000 0.000000000 0.000000000 0.000000000 0.000000000 0.000000000 0.000000000 0.000000000 0.000000000 0.000000000 0.000000000 0.000000000 0.000000000 0.000000000 0.000000000 0.000000000 0.000000000 0.000000000 0.000000000 0.000000000 0.000000000 0.000000000 0.000000000 0.000000000 0.000000000 0.000000000 0.000000000 0.000000000 0.000000000 0.000000000 0.000000000 0.000000000 0.000000000 0.000000000 0.000000000 0.000000000 0.000000000 0.000000000 0.000000000 0.000000000 0.000000000 0.000000000 0.000000000 0.000000000 0.000000000 0.000000000 0.000000000 0.000000000 0.000000000 0.000000000 0.000000000 0.000000000 0.000000000 0.000000000 0.000000000 0.000000000 0.000000000 0.000000000 0.000000000 0.000000000 0.000000000 0.000000000 0.000000000 0.000000000 0.000000000 0.000000000 0.000000000 0.000000000 0.000000000 0.000000000 0.000000000 0.000000000 0.000000000 0.000000000 0.000000000 0.000000000 0.000000000 0.000000000 0.000000000 0.000000000 0.000000000   
119 0.000000000 0.000000000 0.000000000 0.000000000 0.000000000 0.000000000 0.000000000 0.000000000 0.000000000 0.000000000 0.000000000 0.000000000 0.000000000 0.000000000 0.000000000 0.000000000 0.000000000 0.000000000 0.000000000 0.000000000 0.000000000 0.000000000 0.000000000 0.000000000 0.000000000 0.000000000 0.000000000 0.000000000 0.000000000 0.000000000 0.000000000 0.000000000 0.000000000 0.000000000 0.000000000 0.000000000 0.000000000 0.000000000 0.000000000 0.000000000 0.000000000 0.000000000 0.000000000 0.000000000 0.000000000 0.000000000 0.000000000 0.000000000 0.000000000 0.000000000 0.000000000 0.000000000 0.000000000 0.000000000 0.000000000 0.000000000 0.000000000 0.000000000 0.000000000 0.000000000 0.000000000 0.000000000 0.000000000 0.000000000 0.000000000 0.000000000 0.000000000 0.000000000 0.000000000 0.000000000 0.000000000 0.000000000 0.000000000 0.000000000 0.000000000 0.000000000 0.000000000 0.000000000 0.000000000 0.000000000 0.000000000 0.000000000 0.000000000 0.000000000 0.000000000   
120 0.000000000 0.000000000 0.000000000 0.000000000 0.000000000 0.000000000 0.000000000 0.000000000 0.000000000 0.000000000 0.000000000 0.000000000 0.000000000 0.000000000 0.000000000 0.000000000 0.000000000 0.000000000 0.000000000 0.000000000 0.000000000 0.000000000 0.000000000 0.000000000 0.000000000 0.000000000 0.000000000 0.000000000 0.000000000 0.000000000 0.000000000 0.000000000 0.000000000 0.000000000 0.000000000 0.000000000 0.000000000 0.000000000 0.000000000 0.000000000 0.000000000 0.000000000 0.000000000 0.000000000 0.000000000 0.000000000 0.000000000 0.000000000 0.000000000 0.000000000 0.000000000 0.000000000 0.000000000 0.000000000 0.000000000 0.000000000 0.000000000 0.000000000 0.000000000 0.000000000 0.000000000 0.000000000 0.000000000 0.000000000 0.000000000 0.000000000 0.000000000 0.000000000 0.000000000 0.000000000 0.000000000 0.000000000 0.000000000 0.000000000 0.000000000 0.000000000 0.000000000 0.000000000 0.000000000 0.000000000 0.000000000 0.000000000 0.000000000 0.000000000 0.000000000   
